Sequence Name, SI, TI
A007C010_171117_R2HN_0.yuv,7.35E+01,4.65E+00
A007C010_171117_R2HN_1.yuv,7.55E+01,2.58E+01
A007C010_171117_R2HN_10.yuv,4.98E+01,2.21E+01
A007C010_171117_R2HN_11.yuv,5.28E+01,2.07E+01
A007C010_171117_R2HN_12.yuv,4.76E+01,1.76E+01
A007C010_171117_R2HN_13.yuv,4.56E+01,1.78E+01
A007C010_171117_R2HN_14.yuv,4.22E+01,2.69E+01
A007C010_171117_R2HN_15.yuv,3.62E+01,1.81E+01
A007C010_171117_R2HN_2.yuv,7.81E+01,2.72E+01
A007C010_171117_R2HN_3.yuv,7.13E+01,2.64E+01
A007C010_171117_R2HN_4.yuv,7.68E+01,2.54E+01
A007C010_171117_R2HN_5.yuv,7.07E+01,2.27E+01
A007C010_171117_R2HN_6.yuv,6.03E+01,1.67E+01
A007C010_171117_R2HN_7.yuv,4.42E+01,1.21E+01
A007C010_171117_R2HN_8.yuv,6.47E+01,2.23E+01
A007C010_171117_R2HN_9.yuv,7.21E+01,2.68E+01
A007C012_171117_R2HN_0.yuv,3.25E+01,1.00E+01
A007C012_171117_R2HN_1.yuv,5.40E+01,1.15E+01
A007C012_171117_R2HN_2.yuv,5.12E+01,1.62E+01
A007C015_171117_R2HN_0.yuv,5.05E+01,1.80E+01
A007C015_171117_R2HN_1.yuv,5.02E+01,1.99E+01
A007C015_171117_R2HN_2.yuv,4.57E+01,1.75E+01
A007C015_171117_R2HN_3.yuv,4.67E+01,1.77E+01
A007C015_171117_R2HN_4.yuv,4.72E+01,1.63E+01
A007C015_171117_R2HN_5.yuv,5.30E+01,1.84E+01
A007C023_171117_R2HN_0.yuv,4.11E+01,2.38E+00
A007C025_171117_R2HN_0.yuv,3.49E+01,8.71E+00
A007C025_171117_R2HN_2.yuv,3.98E+01,1.38E+01
A007C029_171117_R2HN_0.yuv,2.60E+01,1.40E+01
A007C031_171117_R2HN_0.yuv,2.78E+01,1.20E+01
A007C031_171117_R2HN_1.yuv,2.67E+01,1.48E+01
A007C031_171117_R2HN_2.yuv,2.91E+01,1.50E+01
A007C031_171117_R2HN_3.yuv,3.12E+01,1.49E+01
A007C031_171117_R2HN_4.yuv,2.92E+01,1.42E+01
A007C031_171117_R2HN_5.yuv,2.67E+01,1.38E+01
A007C031_171117_R2HN_6.yuv,2.71E+01,1.26E+01
A007C032_171117_R2HN_0.yuv,3.86E+01,6.69E+00
A007C032_171117_R2HN_1.yuv,3.79E+01,1.25E+01
A007C032_171117_R2HN_2.yuv,3.64E+01,1.35E+01
A007C032_171117_R2HN_3.yuv,3.87E+01,1.51E+01
A007C032_171117_R2HN_4.yuv,3.49E+01,1.29E+01
A007C032_171117_R2HN_5.yuv,2.53E+01,9.26E+00
A007C032_171117_R2HN_6.yuv,2.28E+01,1.12E+01
A007C032_171117_R2HN_7.yuv,2.25E+01,1.43E+01
A007C035_171117_R2HN_0.yuv,6.88E+01,2.62E+01
A007C035_171117_R2HN_1.yuv,6.11E+01,2.37E+01
A007C035_171117_R2HN_2.yuv,5.16E+01,1.85E+01
A007C035_171117_R2HN_3.yuv,4.75E+01,1.79E+01
A007C035_171117_R2HN_4.yuv,4.98E+01,1.96E+01
A007C035_171117_R2HN_5.yuv,4.36E+01,1.79E+01
A007C035_171117_R2HN_6.yuv,3.97E+01,1.87E+01
A007C036_171117_R2HN_0.yuv,5.42E+01,1.78E+01
A007C036_171117_R2HN_1.yuv,4.53E+01,1.73E+01
A007C036_171117_R2HN_2.yuv,4.86E+01,2.01E+01
A007C036_171117_R2HN_3.yuv,5.02E+01,1.72E+01
A007C036_171117_R2HN_4.yuv,5.21E+01,2.55E+01
A007C036_171117_R2HN_5.yuv,6.11E+01,3.09E+01
A007C037_171117_R2HN_0.yuv,4.80E+01,1.67E+01
A007C037_171117_R2HN_1.yuv,4.78E+01,1.73E+01
A007C037_171117_R2HN_2.yuv,4.51E+01,1.56E+01
A007C037_171117_R2HN_3.yuv,4.68E+01,1.57E+01
A007C038_171117_R2HN_0.yuv,7.39E+01,1.86E+01
A007C038_171117_R2HN_1.yuv,7.17E+01,2.40E+01
A007C038_171117_R2HN_2.yuv,6.51E+01,2.38E+01
A007C038_171117_R2HN_3.yuv,4.77E+01,1.56E+01
A007C039_171117_R2HN_0.yuv,6.16E+01,1.31E+01
A007C039_171117_R2HN_1.yuv,6.05E+01,2.64E+01
A007C039_171117_R2HN_2.yuv,6.24E+01,2.43E+01
A007C039_171117_R2HN_3.yuv,5.81E+01,2.19E+01
A007C040_171117_R2HN_0.yuv,6.17E+01,2.35E+01
A007C040_171117_R2HN_1.yuv,5.55E+01,2.08E+01
A007C040_171117_R2HN_2.yuv,4.93E+01,1.70E+01
A007C041_171117_R2HN_0.yuv,5.12E+01,1.39E+01
A007C041_171117_R2HN_1.yuv,4.77E+01,1.64E+01
A007C041_171117_R2HN_2.yuv,4.70E+01,1.83E+01
A007C041_171117_R2HN_3.yuv,4.83E+01,1.48E+01
A007C041_171117_R2HN_4.yuv,5.28E+01,1.01E+01
A007C041_171117_R2HN_5.yuv,5.91E+01,1.24E+01
A007C041_171117_R2HN_6.yuv,6.21E+01,1.19E+01
A007C042_171117_R2HN_0.yuv,6.46E+01,1.23E+01
AAdvertisingMassagesBangkokVidevo_3840x2176_25fps_10bit_420.yuv,4.29E+01,1.55E+01
AAmericanFootballS2Harmonics_3840x2176_60fps_10bit_420.yuv,7.77E+01,2.35E+00
AAmericanFootballS3Harmonics_3840x2176_60fps_10bit_420.yuv,4.11E+01,1.78E+01
AAmericanFootballS4Harmonics_3840x2176_60fps_10bit_420.yuv,5.70E+01,2.59E+01
AAnimalsS11Harmonics_3840x2176_60fps_10bit_420.yuv,3.21E+01,2.58E+01
AAnimalsS1Harmonics_3840x2176_60fps_10bit_420.yuv,3.83E+01,2.05E+01
ABangkokMarketVidevo_3840x2176_25fps_10bit_420.yuv,3.53E+01,1.39E+01
ABasketballGoalScoredS1Videvo_3840x2176_25fps_10bit_420.yuv,2.58E+01,4.65E+01
ABasketballGoalScoredS2Videvo_3840x2176_25fps_10bit_420.yuv,3.11E+01,4.30E+01
ABasketballS1YonseiUniversity_3840x2176_30fps_10bit_420.yuv,2.83E+01,2.98E+01
ABasketballS2YonseiUniversity_3840x2176_30fps_10bit_420.yuv,2.97E+01,1.15E+01
ABasketballS3YonseiUniversity_3840x2176_30fps_10bit_420.yuv,2.97E+01,1.30E+01
ABoatsChaoPhrayaRiverVidevo_3840x2176_23fps_10bit_420.yuv,3.01E+01,1.12E+01
ABobbleheadBVIHFR_3840x2176_120fps_10bit_420.yuv,2.20E+01,2.24E+01
ABookcaseBVITexture_3840x2176_120fps_10bit_420.yuv,3.64E+01,4.90E+01
ABoxingPracticeHarmonics_3840x2176_60fps_10bit_420.yuv,3.86E+01,1.75E+01
ABricksBushesStaticBVITexture_3840x2176_120fps_10bit_420.yuv,8.41E+01,7.80E+00
ABricksLeavesBVITexture_3840x2176_120fps_10bit_420.yuv,8.19E+01,1.41E+01
ABricksTiltingBVITexture_3840x2176_120fps_10bit_420.yuv,7.42E+01,1.87E+01
ABubblesPitcherS1BVITexture_3840x2176_120fps_10bit_420.yuv,1.00E+01,5.55E+00
ABuildingRoofS1IRIS_3840x2176_24fps_10bit_420.yuv,2.41E+01,1.97E+01
ABuildingRoofS2IRIS_3840x2176_24fps_10bit_420.yuv,4.73E+01,3.08E+01
ABuildingRoofS3IRIS_3840x2176_24fps_10bit_420.yuv,4.35E+01,1.81E+01
ABuildingRoofS4IRIS_3840x2176_24fps_10bit_420.yuv,3.79E+01,3.01E+01
ABuntingHangingAcrossHongKongVidevo_3840x2176_25fps_10bit_420.yuv,4.74E+01,1.76E+01
ABusyHongKongStreetVidevo_3840x2176_25fps_10bit_420.yuv,5.29E+01,2.44E+01
ACalmingWaterBVITexture_3840x2176_120fps_10bit_420.yuv,3.39E+01,2.57E+01
ACarpetPanAverageBVITexture_3840x2176_120fps_10bit_420.yuv,1.88E+01,1.69E+01
ACatchBVIHFR_3840x2176_120fps_10bit_420.yuv,6.10E+01,7.30E+00
ACeramicsandSpicesMoroccoVidevo_3840x2176_50fps_10bit_420.yuv,3.60E+01,1.15E+01
ACharactersYonseiUniversity_3840x2176_30fps_10bit_420.yuv,5.66E+01,3.33E+01
AChristmasPresentsIRIS_3840x2176_24fps_10bit_420.yuv,3.90E+01,2.75E+01
AChristmasRoomDareful_3840x2176_29fps_10bit_420.yuv,4.28E+01,6.48E+00
AChurchInsideMCLJCV_3840x2176_30fps_10bit_420.yuv,3.58E+01,1.23E+01
ACityScapesS1IRIS_3840x2176_24fps_10bit_420.yuv,3.63E+01,2.95E+01
ACityScapesS2IRIS_3840x2176_24fps_10bit_420.yuv,3.99E+01,2.32E+01
ACityScapesS3IRIS_3840x2176_24fps_10bit_420.yuv,3.94E+01,2.32E+01
ACityStreetS1IRIS_3840x2176_24fps_10bit_420.yuv,4.89E+01,3.46E+01
ACityStreetS3IRIS_3840x2176_24fps_10bit_420.yuv,6.14E+01,1.19E+01
ACityStreetS4IRIS_3840x2176_24fps_10bit_420.yuv,4.86E+01,3.64E+01
ACityStreetS5IRIS_3840x2176_24fps_10bit_420.yuv,3.87E+01,4.34E+01
ACityStreetS6IRIS_3840x2176_24fps_10bit_420.yuv,3.95E+01,4.17E+01
ACityStreetS7IRIS_3840x2176_24fps_10bit_420.yuv,4.15E+01,2.26E+01
ACloseUpBasketballSceneVidevo_3840x2176_25fps_10bit_420.yuv,4.84E+01,2.76E+01
ACloudsStaticBVITexture_3840x2176_120fps_10bit_420.yuv,1.49E+01,9.13E+00
AColourfulDecorationWatPhoVidevo_3840x2176_50fps_10bit_420.yuv,4.92E+01,1.69E+01
AColourfulKoreanLanternsVidevo_3840x2176_50fps_10bit_420.yuv,3.14E+01,1.58E+01
AColourfulPaperLanternsVidevo_3840x2176_50fps_10bit_420.yuv,7.31E+01,2.12E+01
AColourfulRugsMoroccoVidevo_3840x2176_50fps_10bit_420.yuv,3.58E+01,1.95E+01
AConstructionS2YonseiUniversity_3840x2176_30fps_10bit_420.yuv,4.49E+01,2.05E+01
ACostaRicaS3Harmonics_3840x2176_60fps_10bit_420.yuv,8.34E+01,1.55E+01
ACrosswalkHarmonics_3840x2176_60fps_10bit_420.yuv,2.19E+01,1.55E+01
ACrosswalkHongKong2S1Videvo_3840x2176_25fps_10bit_420.yuv,5.09E+01,2.59E+01
ACrosswalkHongKong2S2Videvo_3840x2176_25fps_10bit_420.yuv,4.53E+01,3.07E+01
ACrosswalkHongKongVidevo_3840x2176_25fps_10bit_420.yuv,3.62E+01,2.08E+01
ACrowdRunMCLV_3840x2176_25fps_10bit_420.yuv,6.06E+01,3.19E+01
ACyclistS1BVIHFR_3840x2176_120fps_10bit_420.yuv,3.98E+01,2.97E+01
ACyclistVeniceBeachBoardwalkVidevo_3840x2176_25fps_10bit_420.yuv,3.78E+01,1.94E+01
ADollsScene1YonseiUniversity_3840x2176_30fps_10bit_420.yuv,2.18E+01,1.77E+01
ADollsScene2YonseiUniversity_3840x2176_30fps_10bit_420.yuv,2.43E+01,2.61E+01
ADowntownHongKongVidevo_3840x2176_25fps_10bit_420.yuv,6.69E+01,2.53E+01
ADrivingPOVHarmonics_3840x2176_60fps_10bit_420.yuv,4.26E+01,1.61E+01
ADropsOnWaterBVITexture_3840x2176_120fps_10bit_420.yuv,4.36E+01,4.20E+01
AElFuenteMaskLIVENetFlix_3840x2176_24fps_10bit_420.yuv,3.97E+01,3.64E+01
AEnteringHongKongStallS1Videvo_3840x2176_25fps_10bit_420.yuv,4.93E+01,2.21E+01
AEnteringHongKongStallS2Videvo_3840x2176_25fps_10bit_420.yuv,4.82E+01,2.80E+01
AFerrisWheelTurningVidevo_3840x2176_50fps_10bit_420.yuv,5.50E+01,2.70E+01
AFireS18Mitch_3840x2176_24fps_10bit_420.yuv,2.01E+01,5.73E+01
AFireS21Mitch_3840x2176_24fps_10bit_420.yuv,2.00E+01,6.90E+01
AFireS71Mitch_3840x2176_24fps_10bit_420.yuv,2.38E+01,5.40E+01
AFirewoodS1IRIS_3840x2176_24fps_10bit_420.yuv,2.03E+01,2.12E+01
AFirewoodS2IRIS_3840x2176_25fps_10bit_420.yuv,1.98E+01,4.04E+01
AFitnessIRIS_3840x2176_24fps_10bit_420.yuv,2.06E+01,1.85E+01
AFjordsS1Harmonics_3840x2176_60fps_10bit_420.yuv,4.89E+01,1.07E+01
AFlagShootTUMSVT_3840x2176_50fps_10bit_420.yuv,2.04E+01,9.67E+00
AFlowerChapelS1IRIS_3840x2176_24fps_10bit_420.yuv,3.70E+01,1.93E+01
AFlowerChapelS2IRIS_3840x2176_24fps_10bit_420.yuv,4.16E+01,1.51E+01
AFlyingCountrysideDareful_3840x2176_29fps_10bit_420.yuv,8.74E+01,2.95E+01
AFlyingMountainsDareful_3840x2176_29fps_10bit_420.yuv,6.69E+01,2.11E+01
AFlyingThroughLAStreetVidevo_3840x2176_23fps_10bit_420.yuv,4.47E+01,1.04E+01
AFungusZoomBVITexture_3840x2176_120fps_10bit_420.yuv,4.20E+01,5.87E+00
AGrassBVITexture_3840x2176_120fps_10bit_420.yuv,6.17E+01,4.36E+00
AGrazTowerIRIS_3840x2176_24fps_10bit_420.yuv,5.01E+01,2.36E+01
AHamsterBVIHFR_3840x2176_120fps_10bit_420.yuv,3.47E+01,1.89E+01
AHarleyDavidsonIRIS_3840x2176_24fps_10bit_420.yuv,5.39E+01,2.75E+01
AHongKongIslandVidevo_3840x2176_25fps_10bit_420.yuv,4.54E+01,2.22E+01
AHongKongMarket1Videvo_3840x2176_25fps_10bit_420.yuv,3.90E+01,1.82E+01
AHongKongMarket2Videvo_3840x2176_25fps_10bit_420.yuv,4.04E+01,2.44E+01
AHongKongMarket3S1Videvo_3840x2176_25fps_10bit_420.yuv,4.83E+01,2.56E+01
AHongKongMarket3S2Videvo_3840x2176_25fps_10bit_420.yuv,4.40E+01,3.08E+01
AHongKongMarket4S1Videvo_3840x2176_25fps_10bit_420.yuv,5.00E+01,2.59E+01
AHongKongMarket4S2Videvo_3840x2176_25fps_10bit_420.yuv,5.26E+01,3.09E+01
AHongKongS1Harmonics_3840x2176_60fps_10bit_420.yuv,4.23E+01,9.17E+00
AHongKongS2Harmonics_3840x2176_60fps_10bit_420.yuv,4.49E+01,1.57E+01
AHongKongS3Harmonics_3840x2176_60fps_10bit_420.yuv,4.93E+01,1.38E+01
AHorseDrawnCarriagesVidevo_3840x2176_50fps_10bit_420.yuv,2.45E+01,1.42E+01
AHorseStaringS1Videvo_3840x2176_50fps_10bit_420.yuv,3.16E+01,2.44E+01
AHorseStaringS2Videvo_3840x2176_50fps_10bit_420.yuv,2.94E+01,1.44E+01
AJockeyHarmonics_3840x2176_120fps_10bit_420.yuv,2.48E+01,2.50E+01
AJoggersS1BVIHFR_3840x2176_120fps_10bit_420.yuv,2.88E+01,2.82E+01
AJoggersS2BVIHFR_3840x2176_120fps_10bit_420.yuv,3.03E+01,2.44E+01
AKartingIRIS_3840x2176_24fps_10bit_420.yuv,4.76E+01,4.77E+01
AKoraDrumsVidevo_3840x2176_25fps_10bit_420.yuv,2.87E+01,3.30E+01
ALakeYonseiUniversity_3840x2176_30fps_10bit_420.yuv,5.05E+01,1.40E+01
ALampLeavesBVITexture_3840x2176_120fps_10bit_420.yuv,7.17E+01,1.70E+01
ALaundryHangingOverHongKongVidevo_3840x2176_25fps_10bit_420.yuv,4.28E+01,2.86E+01
ALeaves1BVITexture_3840x2176_120fps_10bit_420.yuv,9.10E+01,9.37E+00
ALeaves3BVITexture_3840x2176_120fps_10bit_420.yuv,6.15E+01,6.36E+00
ALowLevelShotAlongHongKongVidevo_3840x2176_25fps_10bit_420.yuv,5.92E+01,1.67E+01
ALungshanTempleS1Videvo_3840x2176_50fps_10bit_420.yuv,5.43E+01,2.03E+01
ALungshanTempleS2Videvo_3840x2176_50fps_10bit_420.yuv,5.74E+01,1.98E+01
AManMoTempleVidevo_3840x2176_25fps_10bit_420.yuv,1.68E+01,1.69E+01
AManStandinginProduceTruckVidevo_3840x2176_25fps_10bit_420.yuv,4.09E+01,2.30E+01
AManWalkingThroughBangkokVidevo_3840x2176_25fps_10bit_420.yuv,4.43E+01,6.04E+00
AMaplesS1YonseiUniversity_3840x2176_30fps_10bit_420.yuv,7.67E+01,4.56E+01
AMaplesS2YonseiUniversity_3840x2176_30fps_10bit_420.yuv,6.89E+01,4.85E+01
AMirabellParkS1IRIS_3840x2176_24fps_10bit_420.yuv,4.78E+01,2.91E+01
AMirabellParkS2IRIS_3840x2176_24fps_10bit_420.yuv,3.91E+01,2.72E+01
AMobileHarmonics_3840x2176_60fps_10bit_420.yuv,4.82E+01,2.57E+01
AMoroccanCeramicsShopVidevo_3840x2176_50fps_10bit_420.yuv,5.76E+01,1.88E+01
AMoroccanSlippersVidevo_3840x2176_50fps_10bit_420.yuv,3.03E+01,1.55E+01
AMuralPaintingVidevo_3840x2176_25fps_10bit_420.yuv,2.42E+01,1.41E+01
AMyanmarS4Harmonics_3840x2176_60fps_10bit_420.yuv,1.06E+02,6.98E+00
AMyanmarS6Harmonics_3840x2176_60fps_10bit_420.yuv,5.92E+01,2.25E+01
AMyeongDongVidevo_3840x2176_25fps_10bit_420.yuv,6.35E+01,2.23E+01
ANewYorkStreetDareful_3840x2176_30fps_10bit_420.yuv,6.36E+01,8.71E+00
aom_cosmos_3840x2160_24_hdr10_11589-11752.yuv,3.38E+01,3.30E+01
aom_cosmos_3840x2160_24_hdr10_12149-12330.yuv,4.39E+01,4.10E+01
aom_cosmos_3840x2160_24_hdr10_12916-13078.yuv,3.04E+01,1.34E+01
aom_cosmos_3840x2160_24_hdr10_13446-13649.yuv,3.76E+01,1.49E+01
aom_cosmos_3840x2160_24_hdr10_1573-1749.yuv,4.90E+01,1.87E+01
aom_cosmos_3840x2160_24_hdr10_8686-8826.yuv,2.09E+01,3.27E+01
aom_cosmos_3840x2160_24_hdr10_9561-9789.yuv,1.66E+01,6.39E+00
aom_meridian_3840x2160_5994_hdr10_12264-12745.yuv,4.02E+01,3.02E+00
aom_meridian_3840x2160_5994_hdr10_15932-16309.yuv,1.65E+01,5.72E+00
aom_meridian_3840x2160_5994_hdr10_1782-2163.yuv,2.05E+01,3.23E+00
aom_meridian_3840x2160_5994_hdr10_20988-21412.yuv,2.20E+01,5.98E+00
aom_meridian_3840x2160_5994_hdr10_22412-22738.yuv,3.31E+01,1.03E+01
aom_meridian_3840x2160_5994_hdr10_24058-24550.yuv,1.67E+01,1.18E+01
aom_nocturne_3840x2160_60_hdr10_17140-17709.yuv,2.14E+01,9.72E+00
aom_nocturne_3840x2160_60_hdr10_2370-2539.yuv,1.64E+01,1.76E+01
aom_nocturne_3840x2160_60_hdr10_23820-24322.yuv,1.76E+01,1.32E+01
aom_nocturne_3840x2160_60_hdr10_27740-28109.yuv,2.96E+01,9.29E+00
aom_nocturne_3840x2160_60_hdr10_32660-32799.yuv,2.55E+01,1.16E+01
aom_nocturne_3840x2160_60_hdr10_8540-9009.yuv,1.86E+01,2.67E+00
aom_nocturne_3840x2160_60_hdr10_9010-9349.yuv,5.97E+00,1.98E+00
aom_sol_levante_3840x2160_24_hdr10_2268-2412.yuv,1.43E+01,3.40E+01
aom_sol_levante_3840x2160_24_hdr10_289-453.yuv,2.96E+01,1.16E+01
aom_sol_levante_3840x2160_24_hdr10_3282-3874.yuv,4.81E+01,1.28E+01
aom_sol_levante_3840x2160_24_hdr10_4123-4545.yuv,2.31E+01,1.80E+01
aom_sol_levante_3840x2160_24_hdr10_519-649.yuv,7.95E+01,3.11E+01
AOrangeBuntingoverHongKongVidevo_3840x2176_25fps_10bit_420.yuv,5.42E+01,2.18E+01
APaintingTiltingBVITexture_3840x2176_120fps_10bit_420.yuv,8.54E+01,3.21E+01
AParkViolinMCLJCV_3840x2176_25fps_10bit_420.yuv,5.04E+01,1.50E+01
APedestriansSeoulatDawnVidevo_3840x2176_25fps_10bit_420.yuv,7.14E+01,2.41E+01
APeopleWalkingS1IRIS_3840x2176_24fps_10bit_420.yuv,4.49E+01,2.58E+01
APersonRunningOutsideVidevo_3840x2176_50fps_10bit_420.yuv,4.52E+01,1.63E+01
APillowsTransBVITexture_3840x2176_120fps_10bit_420.yuv,7.91E+01,1.25E+01
APlasmaFreeBVITexture_3840x2176_120fps_10bit_420.yuv,2.73E+01,1.46E+01
APresentsChristmasTreeDareful_3840x2176_29fps_10bit_420.yuv,2.95E+01,9.04E+00
AReadySetGoS2TampereUniversity_3840x2176_120fps_10bit_420.yuv,3.48E+01,3.21E+01
AResidentialBuildingSJTU_3840x2176_60fps_10bit_420.yuv,6.27E+01,1.62E+01
ARollerCoaster2Netflix_3840x2176_60fps_10bit_420.yuv,2.16E+01,2.44E+01
ARunnersSJTU_3840x2176_60fps_10bit_420.yuv,6.12E+01,2.11E+01
ARuralSetupIRIS_3840x2176_24fps_10bit_420.yuv,3.72E+01,2.73E+01
ARuralSetupS2IRIS_3840x2176_24fps_10bit_420.yuv,2.70E+01,2.63E+01
AScarfSJTU_3840x2176_60fps_10bit_420.yuv,4.81E+01,3.45E+01
ASeasideWalkIRIS_3840x2176_24fps_10bit_420.yuv,3.76E+01,1.19E+01
ASeekingMCLV_3840x2176_25fps_10bit_420.yuv,4.11E+01,3.90E+01
ASeoulCanalatDawnVidevo_3840x2176_25fps_10bit_420.yuv,3.24E+01,1.52E+01
AShoppingCentreVidevo_3840x2176_25fps_10bit_420.yuv,4.96E+01,2.59E+01
ASignboardBoatLIVENetFlix_3840x2176_30fps_10bit_420.yuv,4.29E+01,4.04E+01
ASkyscraperBangkokVidevo_3840x2176_23fps_10bit_420.yuv,6.21E+01,2.69E+01
ASmokeClearBVITexture_3840x2176_120fps_10bit_420.yuv,1.86E+01,1.23E+01
ASmokeS45Mitch_3840x2176_24fps_10bit_420.yuv,2.04E+01,1.53E+00
ASparklerBVIHFR_3840x2176_120fps_10bit_420.yuv,3.93E+01,5.03E+01
ASquareAndTimelapseHarmonics_3840x2176_60fps_10bit_420.yuv,4.34E+01,2.49E+01
ASquareS1IRIS_3840x2176_24fps_10bit_420.yuv,4.80E+01,3.37E+01
ASquareS2IRIS_3840x2176_24fps_10bit_420.yuv,3.23E+01,2.33E+01
AStreetArtVidevo_3840x2176_30fps_10bit_420.yuv,5.65E+01,3.49E+01
AStreetDancerS1IRIS_3840x2176_24fps_10bit_420.yuv,4.93E+01,2.05E+01
AStreetDancerS2IRIS_3840x2176_24fps_10bit_420.yuv,2.12E+01,2.53E+01
AStreetDancerS3IRIS_3840x2176_24fps_10bit_420.yuv,2.42E+01,3.00E+01
AStreetDancerS4IRIS_3840x2176_24fps_10bit_420.yuv,3.57E+01,2.97E+01
AStreetDancerS5IRIS_3840x2176_24fps_10bit_420.yuv,2.54E+01,2.35E+01
AStreetsOfIndiaS1Harmonics_3840x2176_60fps_10bit_420.yuv,3.81E+01,1.73E+01
AStreetsOfIndiaS2Harmonics_3840x2176_60fps_10bit_420.yuv,5.33E+01,1.26E+01
AStreetsOfIndiaS3Harmonics_3840x2176_60fps_10bit_420.yuv,4.99E+01,3.32E+01
ATaiChiHongKongS1Videvo_3840x2176_25fps_10bit_420.yuv,3.09E+01,2.61E+01
ATaiChiHongKongS2Videvo_3840x2176_25fps_10bit_420.yuv,3.47E+01,2.69E+01
ATaipeiCityRooftops8Videvo_3840x2176_25fps_10bit_420.yuv,6.60E+01,1.37E+01
ATaipeiCityRooftopsS1Videvo_3840x2176_25fps_10bit_420.yuv,3.23E+01,1.91E+01
ATaipeiCityRooftopsS2Videvo_3840x2176_25fps_10bit_420.yuv,3.82E+01,1.21E+01
ATaksinBridgeVidevo_3840x2176_23fps_10bit_420.yuv,3.63E+01,1.10E+01
ATallBuildingsSJTU_3840x2176_60fps_10bit_420.yuv,7.53E+01,1.17E+01
ATennisMCLV_3840x2176_24fps_10bit_420.yuv,2.83E+01,2.86E+01
AToddlerFountain2Netflix_3840x2176_60fps_10bit_420.yuv,4.79E+01,2.91E+01
ATouristsSatOutsideVidevo_3840x2176_25fps_10bit_420.yuv,3.56E+01,1.20E+01
AToyCalendarHarmonics_3840x2176_60fps_10bit_420.yuv,3.11E+01,2.22E+01
ATrackingDownHongKongSideVidevo_3840x2176_25fps_10bit_420.yuv,4.77E+01,2.16E+01
ATrackingPastRestaurantVidevo_3840x2176_25fps_10bit_420.yuv,4.45E+01,4.20E+01
ATrackingPastStallHongKongVidevo_3840x2176_25fps_10bit_420.yuv,4.73E+01,3.48E+01
ATraditionalIndonesianKecakVidevo_3840x2176_25fps_10bit_420.yuv,2.31E+01,2.28E+01
ATrafficandBuildingSJTU_3840x2176_60fps_10bit_420.yuv,5.27E+01,1.18E+01
ATrafficFlowSJTU_3840x2176_60fps_10bit_420.yuv,4.20E+01,1.88E+01
ATrafficonTasksinBridgeVidevo_3840x2176_25fps_10bit_420.yuv,4.57E+01,1.14E+01
ATreeWillsBVITexture_3840x2176_120fps_10bit_420.yuv,8.83E+01,2.90E+00
ATruckIRIS_3840x2176_24fps_10bit_420.yuv,4.12E+01,1.76E+01
ATunnelFlagS1Harmonics_3840x2176_60fps_10bit_420.yuv,6.00E+01,6.16E+01
AUnloadingVegetablesVidevo_3840x2176_25fps_10bit_420.yuv,5.55E+01,3.73E+01
AVegetableMarketS1LIVENetFlix_3840x2176_30fps_10bit_420.yuv,3.36E+01,2.09E+01
AVegetableMarketS2LIVENetFlix_3840x2176_30fps_10bit_420.yuv,3.36E+01,2.21E+01
AVegetableMarketS3LIVENetFlix_3840x2176_30fps_10bit_420.yuv,3.16E+01,1.06E+01
AVegetableMarketS4LIVENetFlix_3840x2176_30fps_10bit_420.yuv,3.34E+01,2.96E+01
AVeniceS2Harmonics_3840x2176_60fps_10bit_420.yuv,4.14E+01,9.66E+00
AVeniceSceneIRIS_3840x2176_24fps_10bit_420.yuv,6.37E+01,2.97E+01
AWalkingDownKhaoStreetVidevo_3840x2176_25fps_10bit_420.yuv,5.67E+01,2.38E+01
AWalkingDownNorthRodeoVidevo_3840x2176_25fps_10bit_420.yuv,6.58E+01,2.14E+01
AWalkingThroughFootbridgeVidevo_3840x2176_25fps_10bit_420.yuv,6.14E+01,2.26E+01
AWaterS65Mitch_3840x2176_24fps_10bit_420.yuv,2.66E+01,3.13E+01
AWaterS81Mitch_3840x2176_24fps_10bit_420.yuv,6.95E+01,2.43E+01
AWatPhoTempleVidevo_3840x2176_50fps_10bit_420.yuv,4.15E+01,2.33E+01
AWoodSJTU_3840x2176_60fps_10bit_420.yuv,9.90E+01,3.86E+01
AWovenVidevo_3840x2176_25fps_10bit_420.yuv,3.11E+01,2.61E+01
BAdvertisingMassagesBangkokVidevo_1920x1088_25fps_10bit_420.yuv,6.50E+01,1.54E+01
BAmericanFootballS2Harmonics_1920x1088_60fps_10bit_420.yuv,1.06E+02,2.17E+00
BAmericanFootballS3Harmonics_1920x1088_60fps_10bit_420.yuv,5.60E+01,1.78E+01
BAmericanFootballS4Harmonics_1920x1088_60fps_10bit_420.yuv,7.04E+01,2.55E+01
BAnimalsS11Harmonics_1920x1088_60fps_10bit_420.yuv,5.74E+01,2.57E+01
BAnimalsS1Harmonics_1920x1088_60fps_10bit_420.yuv,4.80E+01,1.74E+01
BBangkokMarketVidevo_1920x1088_25fps_10bit_420.yuv,4.75E+01,1.36E+01
BBasketballGoalScoredS1Videvo_1920x1088_25fps_10bit_420.yuv,3.83E+01,3.99E+01
BBasketballGoalScoredS2Videvo_1920x1088_25fps_10bit_420.yuv,4.56E+01,3.69E+01
BBasketballS1YonseiUniversity_1920x1088_30fps_10bit_420.yuv,4.57E+01,2.98E+01
BBasketballS2YonseiUniversity_1920x1088_30fps_10bit_420.yuv,4.80E+01,1.15E+01
BBasketballS3YonseiUniversity_1920x1088_30fps_10bit_420.yuv,4.78E+01,1.29E+01
BBoatsChaoPhrayaRiverVidevo_1920x1088_23fps_10bit_420.yuv,4.74E+01,1.24E+01
BBobbleheadBVIHFR_1920x1088_120fps_10bit_420.yuv,3.52E+01,2.24E+01
BBookcaseBVITexture_1920x1088_120fps_10bit_420.yuv,6.25E+01,4.90E+01
BBoxingPracticeHarmonics_1920x1088_60fps_10bit_420.yuv,6.15E+01,1.73E+01
BBricksBushesStaticBVITexture_1920x1088_120fps_10bit_420.yuv,1.24E+02,7.62E+00
BBricksLeavesBVITexture_1920x1088_120fps_10bit_420.yuv,1.22E+02,1.41E+01
BBricksTiltingBVITexture_1920x1088_120fps_10bit_420.yuv,1.13E+02,1.84E+01
BBubblesPitcherS1BVITexture_1920x1088_120fps_10bit_420.yuv,1.41E+01,4.72E+00
BBuildingRoofS1IRIS_1920x1088_24fps_10bit_420.yuv,4.13E+01,1.97E+01
BBuildingRoofS2IRIS_1920x1088_24fps_10bit_420.yuv,7.57E+01,3.08E+01
BBuildingRoofS3IRIS_1920x1088_24fps_10bit_420.yuv,6.41E+01,1.81E+01
BBuildingRoofS4IRIS_1920x1088_24fps_10bit_420.yuv,6.21E+01,3.01E+01
BBuntingHangingAcrossHongKongVidevo_1920x1088_25fps_10bit_420.yuv,5.40E+01,1.36E+01
BBusyHongKongStreetVidevo_1920x1088_25fps_10bit_420.yuv,7.13E+01,2.43E+01
BCalmingWaterBVITexture_1920x1088_120fps_10bit_420.yuv,5.45E+01,2.57E+01
BCarpetPanAverageBVITexture_1920x1088_120fps_10bit_420.yuv,2.83E+01,1.68E+01
BCatchBVIHFR_1920x1088_120fps_10bit_420.yuv,7.95E+01,6.24E+00
BCeramicsandSpicesMoroccoVidevo_1920x1088_50fps_10bit_420.yuv,5.71E+01,1.15E+01
BCharactersYonseiUniversity_1920x1088_30fps_10bit_420.yuv,9.56E+01,3.33E+01
BChristmasPresentsIRIS_1920x1088_24fps_10bit_420.yuv,6.48E+01,2.75E+01
BChristmasRoomDareful_1920x1088_29fps_10bit_420.yuv,6.21E+01,5.55E+00
BChurchInsideMCLJCV_1920x1088_30fps_10bit_420.yuv,5.64E+01,1.23E+01
BCityScapesS1IRIS_1920x1088_24fps_10bit_420.yuv,6.11E+01,2.95E+01
BCityScapesS2IRIS_1920x1088_24fps_10bit_420.yuv,6.31E+01,2.32E+01
BCityScapesS3IRIS_1920x1088_24fps_10bit_420.yuv,6.18E+01,2.32E+01
BCityStreetS1IRIS_1920x1088_24fps_10bit_420.yuv,6.67E+01,3.33E+01
BCityStreetS3IRIS_1920x1088_24fps_10bit_420.yuv,8.15E+01,1.02E+01
BCityStreetS4IRIS_1920x1088_24fps_10bit_420.yuv,7.43E+01,3.63E+01
BCityStreetS5IRIS_1920x1088_24fps_10bit_420.yuv,6.31E+01,4.34E+01
BCityStreetS6IRIS_1920x1088_24fps_10bit_420.yuv,6.32E+01,4.17E+01
BCityStreetS7IRIS_1920x1088_24fps_10bit_420.yuv,6.42E+01,2.26E+01
BCloseUpBasketballSceneVidevo_1920x1088_25fps_10bit_420.yuv,6.93E+01,2.37E+01
BCloudsStaticBVITexture_1920x1088_120fps_10bit_420.yuv,1.82E+01,9.13E-01
BColourfulDecorationWatPhoVidevo_1920x1088_50fps_10bit_420.yuv,5.44E+01,1.42E+01
BColourfulKoreanLanternsVidevo_1920x1088_50fps_10bit_420.yuv,4.07E+01,1.36E+01
BColourfulPaperLanternsVidevo_1920x1088_50fps_10bit_420.yuv,7.71E+01,1.77E+01
BColourfulRugsMoroccoVidevo_1920x1088_50fps_10bit_420.yuv,6.16E+01,1.95E+01
BConstructionS2YonseiUniversity_1920x1088_30fps_10bit_420.yuv,7.34E+01,2.05E+01
BCostaRicaS3Harmonics_1920x1088_60fps_10bit_420.yuv,9.51E+01,1.23E+01
BCrosswalkHarmonics_1920x1088_60fps_10bit_420.yuv,3.24E+01,1.56E+01
BCrosswalkHongKong2S1Videvo_1920x1088_25fps_10bit_420.yuv,6.56E+01,2.58E+01
BCrosswalkHongKong2S2Videvo_1920x1088_25fps_10bit_420.yuv,5.80E+01,2.69E+01
BCrosswalkHongKongVidevo_1920x1088_25fps_10bit_420.yuv,5.22E+01,2.06E+01
BCrowdRunMCLV_1920x1088_25fps_10bit_420.yuv,8.16E+01,2.82E+01
BCyclistS1BVIHFR_1920x1088_120fps_10bit_420.yuv,6.40E+01,2.97E+01
BCyclistVeniceBeachBoardwalkVidevo_1920x1088_25fps_10bit_420.yuv,5.14E+01,1.66E+01
BDollsScene1YonseiUniversity_1920x1088_30fps_10bit_420.yuv,3.79E+01,1.77E+01
BDollsScene2YonseiUniversity_1920x1088_30fps_10bit_420.yuv,3.99E+01,2.61E+01
BDowntownHongKongVidevo_1920x1088_25fps_10bit_420.yuv,7.25E+01,2.12E+01
BDrivingPOVHarmonics_1920x1088_60fps_10bit_420.yuv,6.63E+01,1.60E+01
BDropsOnWaterBVITexture_1920x1088_120fps_10bit_420.yuv,6.93E+01,4.20E+01
BElFuenteMaskLIVENetFlix_1920x1088_24fps_10bit_420.yuv,7.09E+01,3.65E+01
BEnteringHongKongStallS1Videvo_1920x1088_25fps_10bit_420.yuv,5.83E+01,1.98E+01
BEnteringHongKongStallS2Videvo_1920x1088_25fps_10bit_420.yuv,5.76E+01,2.40E+01
BFerrisWheelTurningVidevo_1920x1088_50fps_10bit_420.yuv,6.91E+01,2.30E+01
BFireS18Mitch_1920x1088_24fps_10bit_420.yuv,3.01E+01,5.73E+01
BFireS21Mitch_1920x1088_24fps_10bit_420.yuv,3.02E+01,6.90E+01
BFireS71Mitch_1920x1088_24fps_10bit_420.yuv,3.83E+01,5.41E+01
BFirewoodS1IRIS_1920x1088_24fps_10bit_420.yuv,2.73E+01,1.82E+01
BFirewoodS2IRIS_1920x1088_25fps_10bit_420.yuv,2.35E+01,3.47E+01
BFitnessIRIS_1920x1088_24fps_10bit_420.yuv,3.27E+01,1.85E+01
BFjordsS1Harmonics_1920x1088_60fps_10bit_420.yuv,5.98E+01,5.54E+00
BFlagShootTUMSVT_1920x1088_50fps_10bit_420.yuv,3.63E+01,1.09E+01
BFlowerChapelS1IRIS_1920x1088_24fps_10bit_420.yuv,6.10E+01,1.93E+01
BFlowerChapelS2IRIS_1920x1088_24fps_10bit_420.yuv,6.56E+01,1.51E+01
BFlyingCountrysideDareful_1920x1088_29fps_10bit_420.yuv,9.63E+01,2.80E+01
BFlyingMountainsDareful_1920x1088_29fps_10bit_420.yuv,7.15E+01,2.00E+01
BFlyingThroughLAStreetVidevo_1920x1088_23fps_10bit_420.yuv,6.48E+01,1.03E+01
BFungusZoomBVITexture_1920x1088_120fps_10bit_420.yuv,6.31E+01,5.76E+00
BGrassBVITexture_1920x1088_120fps_10bit_420.yuv,8.89E+01,4.19E+00
BGrazTowerIRIS_1920x1088_24fps_10bit_420.yuv,7.53E+01,2.36E+01
BHamsterBVIHFR_1920x1088_120fps_10bit_420.yuv,6.05E+01,1.89E+01
BHarleyDavidsonIRIS_1920x1088_24fps_10bit_420.yuv,7.38E+01,2.36E+01
BHongKongIslandVidevo_1920x1088_25fps_10bit_420.yuv,5.16E+01,1.98E+01
BHongKongMarket1Videvo_1920x1088_25fps_10bit_420.yuv,5.56E+01,1.81E+01
BHongKongMarket2Videvo_1920x1088_25fps_10bit_420.yuv,5.49E+01,2.21E+01
BHongKongMarket3S1Videvo_1920x1088_25fps_10bit_420.yuv,5.85E+01,2.18E+01
BHongKongMarket3S2Videvo_1920x1088_25fps_10bit_420.yuv,5.50E+01,2.64E+01
BHongKongMarket4S1Videvo_1920x1088_25fps_10bit_420.yuv,6.07E+01,2.20E+01
BHongKongMarket4S2Videvo_1920x1088_25fps_10bit_420.yuv,5.96E+01,2.64E+01
BHongKongS1Harmonics_1920x1088_60fps_10bit_420.yuv,5.98E+01,8.70E+00
BHongKongS2Harmonics_1920x1088_60fps_10bit_420.yuv,5.80E+01,1.34E+01
BHongKongS3Harmonics_1920x1088_60fps_10bit_420.yuv,6.83E+01,1.09E+01
BHorseDrawnCarriagesVidevo_1920x1088_50fps_10bit_420.yuv,4.19E+01,1.44E+01
BHorseStaringS1Videvo_1920x1088_50fps_10bit_420.yuv,4.25E+01,2.44E+01
BHorseStaringS2Videvo_1920x1088_50fps_10bit_420.yuv,4.19E+01,1.49E+01
BJockeyHarmonics_1920x1088_120fps_10bit_420.yuv,4.19E+01,2.48E+01
BJoggersS1BVIHFR_1920x1088_120fps_10bit_420.yuv,4.77E+01,2.82E+01
BJoggersS2BVIHFR_1920x1088_120fps_10bit_420.yuv,4.95E+01,2.44E+01
BKartingIRIS_1920x1088_24fps_10bit_420.yuv,6.47E+01,4.69E+01
BKoraDrumsVidevo_1920x1088_25fps_10bit_420.yuv,5.05E+01,3.30E+01
BLakeYonseiUniversity_1920x1088_30fps_10bit_420.yuv,7.03E+01,1.38E+01
BLampLeavesBVITexture_1920x1088_120fps_10bit_420.yuv,1.09E+02,1.68E+01
BLaundryHangingOverHongKongVidevo_1920x1088_25fps_10bit_420.yuv,5.95E+01,2.50E+01
BLeaves1BVITexture_1920x1088_120fps_10bit_420.yuv,1.22E+02,8.42E+00
BLeaves3BVITexture_1920x1088_120fps_10bit_420.yuv,9.27E+01,6.23E+00
BLowLevelShotAlongHongKongVidevo_1920x1088_25fps_10bit_420.yuv,6.52E+01,1.50E+01
BLungshanTempleS1Videvo_1920x1088_50fps_10bit_420.yuv,5.86E+01,1.70E+01
BLungshanTempleS2Videvo_1920x1088_50fps_10bit_420.yuv,6.13E+01,1.65E+01
BManMoTempleVidevo_1920x1088_25fps_10bit_420.yuv,2.43E+01,1.45E+01
BManStandinginProduceTruckVidevo_1920x1088_25fps_10bit_420.yuv,5.81E+01,2.29E+01
BManWalkingThroughBangkokVidevo_1920x1088_25fps_10bit_420.yuv,5.82E+01,5.22E+00
BMaplesS1YonseiUniversity_1920x1088_30fps_10bit_420.yuv,1.20E+02,4.56E+01
BMaplesS2YonseiUniversity_1920x1088_30fps_10bit_420.yuv,1.08E+02,4.86E+01
BMirabellParkS1IRIS_1920x1088_24fps_10bit_420.yuv,7.61E+01,2.91E+01
BMirabellParkS2IRIS_1920x1088_24fps_10bit_420.yuv,6.44E+01,2.72E+01
BMobileHarmonics_1920x1088_60fps_10bit_420.yuv,8.29E+01,2.57E+01
BMoroccanCeramicsShopVidevo_1920x1088_50fps_10bit_420.yuv,8.07E+01,1.57E+01
BMoroccanSlippersVidevo_1920x1088_50fps_10bit_420.yuv,5.31E+01,1.56E+01
BMuralPaintingVidevo_1920x1088_25fps_10bit_420.yuv,3.27E+01,1.39E+01
BMyanmarS4Harmonics_1920x1088_60fps_10bit_420.yuv,1.16E+02,6.71E+00
BMyanmarS6Harmonics_1920x1088_60fps_10bit_420.yuv,6.97E+01,1.96E+01
BMyeongDongVidevo_1920x1088_25fps_10bit_420.yuv,8.80E+01,2.19E+01
BNewYorkStreetDareful_1920x1088_30fps_10bit_420.yuv,8.62E+01,7.46E+00
BOrangeBuntingoverHongKongVidevo_1920x1088_25fps_10bit_420.yuv,6.20E+01,1.79E+01
BPaintingTiltingBVITexture_1920x1088_120fps_10bit_420.yuv,1.44E+02,3.21E+01
BParkViolinMCLJCV_1920x1088_25fps_10bit_420.yuv,8.39E+01,1.50E+01
BPedestriansSeoulatDawnVidevo_1920x1088_25fps_10bit_420.yuv,8.49E+01,1.99E+01
BPeopleWalkingS1IRIS_1920x1088_24fps_10bit_420.yuv,7.72E+01,2.68E+01
BPersonRunningOutsideVidevo_1920x1088_50fps_10bit_420.yuv,5.47E+01,1.36E+01
BPillowsTransBVITexture_1920x1088_120fps_10bit_420.yuv,1.22E+02,1.24E+01
BPlasmaFreeBVITexture_1920x1088_120fps_10bit_420.yuv,4.85E+01,1.45E+01
BPresentsChristmasTreeDareful_1920x1088_29fps_10bit_420.yuv,4.72E+01,1.05E+01
BReadySetGoS2TampereUniversity_1920x1088_120fps_10bit_420.yuv,5.16E+01,2.75E+01
BResidentialBuildingSJTU_1920x1088_60fps_10bit_420.yuv,7.98E+01,1.32E+01
BrickCutHighSpeedHighGran_300frames_1920x1080.yuv,1.47E+01,1.59E+01
BrickCutHighSpeedLowGran_300frames_1920x1080.yuv,1.83E+01,1.94E+01
BrickCutHighSpeedMedGran_300frames_1920x1080.yuv,1.37E+01,1.78E+01
BrickCutLowSpeedHighGran_300frames_1920x1080.yuv,2.80E+01,1.30E+01
BrickCutLowSpeedLowGran_300frames_1920x1080.yuv,3.52E+01,1.79E+01
BrickCutLowSpeedMedGran_300frames_1920x1080.yuv,2.81E+01,1.49E+01
BrickCutMedSpeedHighGran_300frames_1920x1080.yuv,2.11E+01,1.54E+01
BrickCutMedSpeedLowGran_300frames_1920x1080.yuv,2.58E+01,1.94E+01
BrickCutMedSpeedMedGran_300frames_1920x1080.yuv,2.09E+01,1.77E+01
BrickHewnHighSpeedHighGran_300frames_1920x1080.yuv,3.12E+01,1.70E+01
BrickHewnHighSpeedLowGran_300frames_1920x1080.yuv,2.83E+01,1.55E+01
BrickHewnHighSpeedMedGran_300frames_1920x1080.yuv,2.67E+01,1.69E+01
BrickHewnLowSpeedHighGran_300frames_1920x1080.yuv,3.64E+01,9.18E+00
BrickHewnLowSpeedLowGran_300frames_1920x1080.yuv,4.20E+01,1.28E+01
BrickHewnLowSpeedMedGran_300frames_1920x1080.yuv,3.36E+01,9.98E+00
BrickHewnMedSpeedHighGran_300frames_1920x1080.yuv,3.44E+01,1.37E+01
BrickHewnMedSpeedLowGran_300frames_1920x1080.yuv,3.45E+01,1.43E+01
BrickHewnMedSpeedMedGran_300frames_1920x1080.yuv,3.06E+01,1.34E+01
BRollerCoaster2Netflix_1920x1088_60fps_10bit_420.yuv,3.81E+01,2.44E+01
BRunnersSJTU_1920x1088_60fps_10bit_420.yuv,7.72E+01,1.78E+01
BRuralSetupIRIS_1920x1088_24fps_10bit_420.yuv,6.12E+01,2.72E+01
BRuralSetupS2IRIS_1920x1088_24fps_10bit_420.yuv,4.54E+01,2.63E+01
BScarfSJTU_1920x1088_60fps_10bit_420.yuv,6.09E+01,2.96E+01
BSeasideWalkIRIS_1920x1088_24fps_10bit_420.yuv,6.14E+01,1.19E+01
BSeekingMCLV_1920x1088_25fps_10bit_420.yuv,6.00E+01,4.12E+01
BSeoulCanalatDawnVidevo_1920x1088_25fps_10bit_420.yuv,4.39E+01,1.50E+01
BShoppingCentreVidevo_1920x1088_25fps_10bit_420.yuv,7.01E+01,2.57E+01
BSignboardBoatLIVENetFlix_1920x1088_30fps_10bit_420.yuv,7.48E+01,4.05E+01
BSkyscraperBangkokVidevo_1920x1088_23fps_10bit_420.yuv,7.84E+01,2.30E+01
BSmokeClearBVITexture_1920x1088_120fps_10bit_420.yuv,1.98E+01,1.21E+01
BSmokeS45Mitch_1920x1088_24fps_10bit_420.yuv,2.78E+01,1.52E+00
BSparklerBVIHFR_1920x1088_120fps_10bit_420.yuv,6.66E+01,5.04E+01
BSquareAndTimelapseHarmonics_1920x1088_60fps_10bit_420.yuv,7.09E+01,2.49E+01
BSquareS1IRIS_1920x1088_24fps_10bit_420.yuv,8.12E+01,3.37E+01
BSquareS2IRIS_1920x1088_24fps_10bit_420.yuv,5.63E+01,2.33E+01
BStreetArtVidevo_1920x1088_30fps_10bit_420.yuv,8.12E+01,3.47E+01
BStreetDancerS1IRIS_1920x1088_24fps_10bit_420.yuv,7.79E+01,2.05E+01
BStreetDancerS2IRIS_1920x1088_24fps_10bit_420.yuv,3.22E+01,2.53E+01
BStreetDancerS3IRIS_1920x1088_24fps_10bit_420.yuv,4.16E+01,3.00E+01
BStreetDancerS4IRIS_1920x1088_24fps_10bit_420.yuv,5.70E+01,2.97E+01
BStreetDancerS5IRIS_1920x1088_24fps_10bit_420.yuv,4.27E+01,2.35E+01
BStreetsOfIndiaS1Harmonics_1920x1088_60fps_10bit_420.yuv,6.32E+01,1.72E+01
BStreetsOfIndiaS2Harmonics_1920x1088_60fps_10bit_420.yuv,6.92E+01,1.08E+01
BStreetsOfIndiaS3Harmonics_1920x1088_60fps_10bit_420.yuv,6.38E+01,2.85E+01
BTaiChiHongKongS1Videvo_1920x1088_25fps_10bit_420.yuv,4.23E+01,2.24E+01
BTaiChiHongKongS2Videvo_1920x1088_25fps_10bit_420.yuv,4.85E+01,2.30E+01
BTaipeiCityRooftops8Videvo_1920x1088_25fps_10bit_420.yuv,8.24E+01,1.13E+01
BTaipeiCityRooftopsS1Videvo_1920x1088_25fps_10bit_420.yuv,4.73E+01,1.91E+01
BTaipeiCityRooftopsS2Videvo_1920x1088_25fps_10bit_420.yuv,5.96E+01,1.55E+01
BTaksinBridgeVidevo_1920x1088_23fps_10bit_420.yuv,4.87E+01,9.39E+00
BTallBuildingsSJTU_1920x1088_60fps_10bit_420.yuv,8.22E+01,8.03E+00
BTennisMCLV_1920x1088_24fps_10bit_420.yuv,4.22E+01,2.86E+01
BToddlerFountain2Netflix_1920x1088_60fps_10bit_420.yuv,6.83E+01,2.90E+01
BTouristsSatOutsideVidevo_1920x1088_25fps_10bit_420.yuv,4.65E+01,1.03E+01
BToyCalendarHarmonics_1920x1088_60fps_10bit_420.yuv,5.36E+01,2.22E+01
BTrackingDownHongKongSideVidevo_1920x1088_25fps_10bit_420.yuv,6.68E+01,1.85E+01
BTrackingPastRestaurantVidevo_1920x1088_25fps_10bit_420.yuv,5.30E+01,3.60E+01
BTrackingPastStallHongKongVidevo_1920x1088_25fps_10bit_420.yuv,6.57E+01,2.99E+01
BTraditionalIndonesianKecakVidevo_1920x1088_25fps_10bit_420.yuv,3.27E+01,2.06E+01
BTrafficandBuildingSJTU_1920x1088_60fps_10bit_420.yuv,6.80E+01,9.90E+00
BTrafficFlowSJTU_1920x1088_60fps_10bit_420.yuv,5.68E+01,1.59E+01
BTrafficonTasksinBridgeVidevo_1920x1088_25fps_10bit_420.yuv,5.07E+01,9.75E+00
BTreeWillsBVITexture_1920x1088_120fps_10bit_420.yuv,1.29E+02,2.73E+00
BTruckIRIS_1920x1088_24fps_10bit_420.yuv,6.24E+01,1.75E+01
BTunnelFlagS1Harmonics_1920x1088_60fps_10bit_420.yuv,1.06E+02,5.80E+01
BUnloadingVegetablesVidevo_1920x1088_25fps_10bit_420.yuv,6.59E+01,3.19E+01
BVegetableMarketS1LIVENetFlix_1920x1088_30fps_10bit_420.yuv,5.58E+01,2.10E+01
BVegetableMarketS2LIVENetFlix_1920x1088_30fps_10bit_420.yuv,5.58E+01,2.21E+01
BVegetableMarketS3LIVENetFlix_1920x1088_30fps_10bit_420.yuv,4.40E+01,9.14E+00
BVegetableMarketS4LIVENetFlix_1920x1088_30fps_10bit_420.yuv,5.51E+01,2.96E+01
BVeniceS2Harmonics_1920x1088_60fps_10bit_420.yuv,5.59E+01,8.22E+00
BVeniceSceneIRIS_1920x1088_24fps_10bit_420.yuv,9.24E+01,2.54E+01
BWalkingDownKhaoStreetVidevo_1920x1088_25fps_10bit_420.yuv,6.07E+01,2.02E+01
BWalkingDownNorthRodeoVidevo_1920x1088_25fps_10bit_420.yuv,7.69E+01,1.73E+01
BWalkingThroughFootbridgeVidevo_1920x1088_25fps_10bit_420.yuv,7.24E+01,1.90E+01
BWaterS65Mitch_1920x1088_24fps_10bit_420.yuv,4.30E+01,3.13E+01
BWaterS81Mitch_1920x1088_24fps_10bit_420.yuv,9.80E+01,2.39E+01
BWatPhoTempleVidevo_1920x1088_50fps_10bit_420.yuv,5.53E+01,2.32E+01
BWoodSJTU_1920x1088_60fps_10bit_420.yuv,1.12E+02,3.28E+01
BWovenVidevo_1920x1088_25fps_10bit_420.yuv,5.60E+01,2.61E+01
CAdvertisingMassagesBangkokVidevo_960x544_25fps_10bit_420.yuv,8.56E+01,1.47E+01
CAmericanFootballS2Harmonics_960x544_60fps_10bit_420.yuv,1.14E+02,1.47E+00
CAmericanFootballS3Harmonics_960x544_60fps_10bit_420.yuv,6.69E+01,1.70E+01
CAmericanFootballS4Harmonics_960x544_60fps_10bit_420.yuv,8.02E+01,2.06E+01
CAnimalsS11Harmonics_960x544_60fps_10bit_420.yuv,9.18E+01,2.57E+01
CAnimalsS1Harmonics_960x544_60fps_10bit_420.yuv,6.33E+01,1.69E+01
CBangkokMarketVidevo_960x544_25fps_10bit_420.yuv,5.92E+01,1.27E+01
CBasketballGoalScoredS1Videvo_960x544_25fps_10bit_420.yuv,6.14E+01,3.99E+01
CBasketballGoalScoredS2Videvo_960x544_25fps_10bit_420.yuv,6.97E+01,3.69E+01
CBasketballS1YonseiUniversity_960x544_30fps_10bit_420.yuv,6.74E+01,2.98E+01
CBasketballS2YonseiUniversity_960x544_30fps_10bit_420.yuv,7.00E+01,1.14E+01
CBasketballS3YonseiUniversity_960x544_30fps_10bit_420.yuv,6.92E+01,1.29E+01
CBoatsChaoPhrayaRiverVidevo_960x544_23fps_10bit_420.yuv,6.12E+01,1.01E+01
CBobbleheadBVIHFR_960x544_120fps_10bit_420.yuv,5.71E+01,2.24E+01
CBookcaseBVITexture_960x544_120fps_10bit_420.yuv,1.02E+02,4.90E+01
CBoxingPracticeHarmonics_960x544_60fps_10bit_420.yuv,8.68E+01,1.69E+01
CBricksBushesStaticBVITexture_960x544_120fps_10bit_420.yuv,1.41E+02,6.52E+00
CBricksLeavesBVITexture_960x544_120fps_10bit_420.yuv,1.47E+02,1.39E+01
CBricksTiltingBVITexture_960x544_120fps_10bit_420.yuv,1.35E+02,1.54E+01
CBubblesPitcherS1BVITexture_960x544_120fps_10bit_420.yuv,2.19E+01,4.58E+00
CBuildingRoofS1IRIS_960x544_24fps_10bit_420.yuv,6.26E+01,1.97E+01
CBuildingRoofS2IRIS_960x544_24fps_10bit_420.yuv,1.01E+02,3.02E+01
CBuildingRoofS3IRIS_960x544_24fps_10bit_420.yuv,7.94E+01,1.72E+01
CBuildingRoofS4IRIS_960x544_24fps_10bit_420.yuv,8.39E+01,2.99E+01
CBuntingHangingAcrossHongKongVidevo_960x544_25fps_10bit_420.yuv,6.44E+01,1.21E+01
CBusyHongKongStreetVidevo_960x544_25fps_10bit_420.yuv,9.36E+01,2.32E+01
CCalmingWaterBVITexture_960x544_120fps_10bit_420.yuv,7.55E+01,2.53E+01
CCarpetPanAverageBVITexture_960x544_120fps_10bit_420.yuv,3.59E+01,1.64E+01
CCatchBVIHFR_960x544_120fps_10bit_420.yuv,9.68E+01,6.12E+00
CCeramicsandSpicesMoroccoVidevo_960x544_50fps_10bit_420.yuv,7.87E+01,1.07E+01
CCharactersYonseiUniversity_960x544_30fps_10bit_420.yuv,1.37E+02,3.32E+01
CChristmasPresentsIRIS_960x544_24fps_10bit_420.yuv,7.64E+01,2.34E+01
CChristmasRoomDareful_960x544_29fps_10bit_420.yuv,9.09E+01,5.50E+00
CChurchInsideMCLJCV_960x544_30fps_10bit_420.yuv,7.14E+01,1.06E+01
CCityScapesS1IRIS_960x544_24fps_10bit_420.yuv,8.96E+01,2.92E+01
CCityScapesS2IRIS_960x544_24fps_10bit_420.yuv,8.17E+01,2.31E+01
CCityScapesS3IRIS_960x544_24fps_10bit_420.yuv,8.08E+01,2.31E+01
CCityStreetS1IRIS_960x544_24fps_10bit_420.yuv,9.15E+01,2.96E+01
CCityStreetS3IRIS_960x544_24fps_10bit_420.yuv,1.21E+02,1.32E+01
CCityStreetS4IRIS_960x544_24fps_10bit_420.yuv,8.26E+01,3.09E+01
CCityStreetS5IRIS_960x544_24fps_10bit_420.yuv,8.91E+01,4.33E+01
CCityStreetS6IRIS_960x544_24fps_10bit_420.yuv,9.09E+01,4.16E+01
CCityStreetS7IRIS_960x544_24fps_10bit_420.yuv,8.66E+01,2.23E+01
CCloseUpBasketballSceneVidevo_960x544_25fps_10bit_420.yuv,9.58E+01,2.32E+01
CCloudsStaticBVITexture_960x544_120fps_10bit_420.yuv,2.73E+01,6.97E-01
CColourfulDecorationWatPhoVidevo_960x544_50fps_10bit_420.yuv,7.35E+01,1.60E+01
CColourfulKoreanLanternsVidevo_960x544_50fps_10bit_420.yuv,6.34E+01,1.60E+01
CColourfulPaperLanternsVidevo_960x544_50fps_10bit_420.yuv,8.06E+01,1.52E+01
CColourfulRugsMoroccoVidevo_960x544_50fps_10bit_420.yuv,8.43E+01,1.91E+01
CConstructionS2YonseiUniversity_960x544_30fps_10bit_420.yuv,1.04E+02,2.01E+01
CCostaRicaS3Harmonics_960x544_60fps_10bit_420.yuv,9.86E+01,9.80E+00
CCrosswalkHarmonics_960x544_60fps_10bit_420.yuv,5.14E+01,1.55E+01
CCrosswalkHongKong2S1Videvo_960x544_25fps_10bit_420.yuv,8.81E+01,2.53E+01
CCrosswalkHongKong2S2Videvo_960x544_25fps_10bit_420.yuv,7.98E+01,2.65E+01
CCrosswalkHongKongVidevo_960x544_25fps_10bit_420.yuv,6.60E+01,2.04E+01
CCrowdRunMCLV_960x544_25fps_10bit_420.yuv,9.98E+01,2.70E+01
CCyclistS1BVIHFR_960x544_120fps_10bit_420.yuv,9.23E+01,2.95E+01
CCyclistVeniceBeachBoardwalkVidevo_960x544_25fps_10bit_420.yuv,7.13E+01,1.63E+01
CDollsScene1YonseiUniversity_960x544_30fps_10bit_420.yuv,6.13E+01,1.73E+01
CDollsScene2YonseiUniversity_960x544_30fps_10bit_420.yuv,6.43E+01,2.60E+01
CDowntownHongKongVidevo_960x544_25fps_10bit_420.yuv,7.96E+01,1.90E+01
CDrivingPOVHarmonics_960x544_60fps_10bit_420.yuv,8.98E+01,1.50E+01
CDropsOnWaterBVITexture_960x544_120fps_10bit_420.yuv,9.42E+01,4.17E+01
CElFuenteMaskLIVENetFlix_960x544_24fps_10bit_420.yuv,1.06E+02,3.64E+01
CEnteringHongKongStallS1Videvo_960x544_25fps_10bit_420.yuv,7.06E+01,1.88E+01
CEnteringHongKongStallS2Videvo_960x544_25fps_10bit_420.yuv,7.03E+01,2.38E+01
CeramicTileHighSpeedHighGran_300frames_1920x1080.yuv,2.78E+01,1.84E+01
CeramicTileHighSpeedLowGran_300frames_1920x1080.yuv,1.25E+01,1.17E+01
CeramicTileHighSpeedMedGran_300frames_1920x1080.yuv,2.18E+01,1.43E+01
CeramicTileLowSpeedHighGran_300frames_1920x1080.yuv,3.37E+01,7.86E+00
CeramicTileLowSpeedLowGran_300frames_1920x1080.yuv,1.50E+01,5.14E+00
CeramicTileLowSpeedMedGran_300frames_1920x1080.yuv,2.56E+01,6.66E+00
CeramicTileMedSpeedHighGran_300frames_1920x1080.yuv,3.07E+01,1.23E+01
CeramicTileMedSpeedLowGran_300frames_1920x1080.yuv,1.37E+01,7.23E+00
CeramicTileMedSpeedMedGran_300frames_1920x1080.yuv,2.31E+01,8.97E+00
CFerrisWheelTurningVidevo_960x544_50fps_10bit_420.yuv,8.89E+01,2.22E+01
CFireS18Mitch_960x544_24fps_10bit_420.yuv,4.78E+01,5.74E+01
CFireS21Mitch_960x544_24fps_10bit_420.yuv,5.11E+01,6.90E+01
CFireS71Mitch_960x544_24fps_10bit_420.yuv,6.32E+01,5.41E+01
CFirewoodS1IRIS_960x544_24fps_10bit_420.yuv,4.32E+01,1.83E+01
CFirewoodS2IRIS_960x544_25fps_10bit_420.yuv,3.40E+01,3.48E+01
CFitnessIRIS_960x544_24fps_10bit_420.yuv,5.11E+01,1.85E+01
CFjordsS1Harmonics_960x544_60fps_10bit_420.yuv,7.10E+01,4.70E+00
CFlagShootTUMSVT_960x544_50fps_10bit_420.yuv,6.00E+01,1.07E+01
CFlowerChapelS1IRIS_960x544_24fps_10bit_420.yuv,8.56E+01,1.89E+01
CFlowerChapelS2IRIS_960x544_24fps_10bit_420.yuv,8.53E+01,1.41E+01
CFlyingCountrysideDareful_960x544_29fps_10bit_420.yuv,8.54E+01,2.23E+01
CFlyingMountainsDareful_960x544_29fps_10bit_420.yuv,6.68E+01,1.66E+01
CFlyingThroughLAStreetVidevo_960x544_23fps_10bit_420.yuv,7.78E+01,8.79E+00
CFungusZoomBVITexture_960x544_120fps_10bit_420.yuv,7.35E+01,4.52E+00
CGrassBVITexture_960x544_120fps_10bit_420.yuv,9.58E+01,3.35E+00
CGrazTowerIRIS_960x544_24fps_10bit_420.yuv,9.23E+01,2.28E+01
CHamsterBVIHFR_960x544_120fps_10bit_420.yuv,9.66E+01,1.88E+01
CHarleyDavidsonIRIS_960x544_24fps_10bit_420.yuv,1.01E+02,2.34E+01
CHongKongIslandVidevo_960x544_25fps_10bit_420.yuv,6.11E+01,1.87E+01
CHongKongMarket1Videvo_960x544_25fps_10bit_420.yuv,6.75E+01,1.73E+01
CHongKongMarket2Videvo_960x544_25fps_10bit_420.yuv,7.70E+01,2.18E+01
CHongKongMarket3S1Videvo_960x544_25fps_10bit_420.yuv,7.18E+01,2.10E+01
CHongKongMarket3S2Videvo_960x544_25fps_10bit_420.yuv,7.05E+01,2.59E+01
CHongKongMarket4S1Videvo_960x544_25fps_10bit_420.yuv,7.60E+01,2.10E+01
CHongKongMarket4S2Videvo_960x544_25fps_10bit_420.yuv,7.53E+01,2.58E+01
CHongKongS1Harmonics_960x544_60fps_10bit_420.yuv,7.28E+01,6.55E+00
CHongKongS2Harmonics_960x544_60fps_10bit_420.yuv,7.46E+01,1.24E+01
CHongKongS3Harmonics_960x544_60fps_10bit_420.yuv,9.36E+01,1.02E+01
choppylake22_3840x2160_0.yuv,7.83E+01,3.05E+01
choppylake22_3840x2160_1.yuv,7.82E+01,2.74E+01
choppylake22_3840x2160_2.yuv,7.69E+01,2.97E+01
choppylake22_3840x2160_3.yuv,7.70E+01,2.78E+01
CHorseDrawnCarriagesVidevo_960x544_50fps_10bit_420.yuv,5.87E+01,1.41E+01
CHorseStaringS1Videvo_960x544_50fps_10bit_420.yuv,5.88E+01,2.43E+01
CHorseStaringS2Videvo_960x544_50fps_10bit_420.yuv,5.85E+01,1.40E+01
CJockeyHarmonics_960x544_120fps_10bit_420.yuv,6.98E+01,2.47E+01
CJoggersS1BVIHFR_960x544_120fps_10bit_420.yuv,6.88E+01,2.80E+01
CJoggersS2BVIHFR_960x544_120fps_10bit_420.yuv,7.12E+01,2.41E+01
CKartingIRIS_960x544_24fps_10bit_420.yuv,8.21E+01,4.56E+01
CKoraDrumsVidevo_960x544_25fps_10bit_420.yuv,7.86E+01,3.30E+01
CLakeYonseiUniversity_960x544_30fps_10bit_420.yuv,7.67E+01,1.24E+01
CLampLeavesBVITexture_960x544_120fps_10bit_420.yuv,1.34E+02,1.52E+01
CLaundryHangingOverHongKongVidevo_960x544_25fps_10bit_420.yuv,8.75E+01,2.48E+01
ClayBrickHighSpeedHighGran_300frames_1920x1080.yuv,4.27E+01,9.71E+00
ClayBrickHighSpeedLowGran_300frames_1920x1080.yuv,3.48E+01,1.89E+01
ClayBrickHighSpeedMedGran_300frames_1920x1080.yuv,5.67E+01,1.31E+01
ClayBrickLowSpeedHighGran_300frames_1920x1080.yuv,5.21E+01,9.11E+00
ClayBrickLowSpeedLowGran_300frames_1920x1080.yuv,5.21E+01,2.16E+01
ClayBrickLowSpeedMedGran_300frames_1920x1080.yuv,6.74E+01,1.86E+01
ClayBrickMedSpeedHighGran_300frames_1920x1080.yuv,4.86E+01,9.72E+00
ClayBrickMedSpeedLowGran_300frames_1920x1080.yuv,4.23E+01,2.51E+01
ClayBrickMedSpeedMedGran_300frames_1920x1080.yuv,5.75E+01,1.47E+01
CLeaves1BVITexture_960x544_120fps_10bit_420.yuv,1.31E+02,6.52E+00
CLeaves3BVITexture_960x544_120fps_10bit_420.yuv,1.08E+02,5.14E+00
CLowLevelShotAlongHongKongVidevo_960x544_25fps_10bit_420.yuv,7.29E+01,1.25E+01
CLungshanTempleS1Videvo_960x544_50fps_10bit_420.yuv,6.56E+01,1.50E+01
CLungshanTempleS2Videvo_960x544_50fps_10bit_420.yuv,7.92E+01,1.77E+01
CManMoTempleVidevo_960x544_25fps_10bit_420.yuv,3.95E+01,1.45E+01
CManStandinginProduceTruckVidevo_960x544_25fps_10bit_420.yuv,7.28E+01,2.21E+01
CManWalkingThroughBangkokVidevo_960x544_25fps_10bit_420.yuv,6.72E+01,3.85E+00
CMaplesS1YonseiUniversity_960x544_30fps_10bit_420.yuv,1.52E+02,4.49E+01
CMaplesS2YonseiUniversity_960x544_30fps_10bit_420.yuv,1.35E+02,4.80E+01
CMirabellParkS1IRIS_960x544_24fps_10bit_420.yuv,9.76E+01,2.86E+01
CMirabellParkS2IRIS_960x544_24fps_10bit_420.yuv,8.80E+01,2.69E+01
CMobileHarmonics_960x544_60fps_10bit_420.yuv,1.15E+02,2.55E+01
CMoroccanCeramicsShopVidevo_960x544_50fps_10bit_420.yuv,9.99E+01,1.48E+01
CMoroccanSlippersVidevo_960x544_50fps_10bit_420.yuv,7.92E+01,1.60E+01
CMuralPaintingVidevo_960x544_25fps_10bit_420.yuv,3.99E+01,1.34E+01
CMyanmarS4Harmonics_960x544_60fps_10bit_420.yuv,1.13E+02,6.18E+00
CMyanmarS6Harmonics_960x544_60fps_10bit_420.yuv,8.36E+01,1.88E+01
CMyeongDongVidevo_960x544_25fps_10bit_420.yuv,1.03E+02,2.01E+01
CNewYorkStreetDareful_960x544_30fps_10bit_420.yuv,1.12E+02,7.36E+00
CobbleStoneHighSpeedHighGran_300frames_1920x1080.yuv,4.97E+01,3.07E+01
CobbleStoneHighSpeedLowGran_300frames_1920x1080.yuv,2.97E+01,3.11E+01
CobbleStoneHighSpeedMedGran_300frames_1920x1080.yuv,3.67E+01,3.22E+01
CobbleStoneLowSpeedHighGran_300frames_1920x1080.yuv,5.98E+01,2.09E+01
CobbleStoneLowSpeedLowGran_300frames_1920x1080.yuv,4.44E+01,2.24E+01
CobbleStoneLowSpeedMedGran_300frames_1920x1080.yuv,5.08E+01,2.27E+01
CobbleStoneMedSpeedHighGran_300frames_1920x1080.yuv,5.51E+01,2.74E+01
CobbleStoneMedSpeedLowGran_300frames_1920x1080.yuv,3.70E+01,2.68E+01
CobbleStoneMedSpeedMedGran_300frames_1920x1080.yuv,4.42E+01,2.92E+01
COrangeBuntingoverHongKongVidevo_960x544_25fps_10bit_420.yuv,7.28E+01,1.62E+01
CPaintingTiltingBVITexture_960x544_120fps_10bit_420.yuv,1.86E+02,3.11E+01
CParkViolinMCLJCV_960x544_25fps_10bit_420.yuv,1.06E+02,1.45E+01
CPedestriansSeoulatDawnVidevo_960x544_25fps_10bit_420.yuv,1.02E+02,1.81E+01
CPeopleWalkingS1IRIS_960x544_24fps_10bit_420.yuv,8.99E+01,2.29E+01
CPersonRunningOutsideVidevo_960x544_50fps_10bit_420.yuv,7.07E+01,1.23E+01
CPillowsTransBVITexture_960x544_120fps_10bit_420.yuv,1.25E+02,1.04E+01
CPlasmaFreeBVITexture_960x544_120fps_10bit_420.yuv,7.85E+01,1.45E+01
CPresentsChristmasTreeDareful_960x544_29fps_10bit_420.yuv,6.02E+01,7.59E+00
CReadySetGoS2TampereUniversity_960x544_120fps_10bit_420.yuv,7.77E+01,2.73E+01
CResidentialBuildingSJTU_960x544_60fps_10bit_420.yuv,1.02E+02,1.08E+01
CRollerCoaster2Netflix_960x544_60fps_10bit_420.yuv,6.05E+01,2.68E+01
CRunnersSJTU_960x544_60fps_10bit_420.yuv,9.47E+01,1.75E+01
CRuralSetupIRIS_960x544_24fps_10bit_420.yuv,8.41E+01,2.68E+01
CRuralSetupS2IRIS_960x544_24fps_10bit_420.yuv,6.86E+01,2.62E+01
CScarfSJTU_960x544_60fps_10bit_420.yuv,7.86E+01,2.96E+01
CSeasideWalkIRIS_960x544_24fps_10bit_420.yuv,8.84E+01,1.29E+01
CSeekingMCLV_960x544_25fps_10bit_420.yuv,7.93E+01,4.34E+01
CSeoulCanalatDawnVidevo_960x544_25fps_10bit_420.yuv,5.32E+01,1.43E+01
CSGO_0.yuv,7.50E+01,1.99E+01
CSGO_1.yuv,7.11E+01,5.20E+01
CSGO_10.yuv,7.36E+01,3.65E+01
CSGO_11.yuv,7.08E+01,2.81E+01
CSGO_2.yuv,7.79E+01,5.38E+01
CSGO_3.yuv,7.65E+01,4.51E+01
CSGO_4.yuv,8.18E+01,4.65E+01
CSGO_5.yuv,8.55E+01,3.47E+01
CSGO_6.yuv,8.60E+01,4.59E+01
CSGO_7.yuv,7.07E+01,5.25E+01
CSGO_8.yuv,6.45E+01,7.38E+01
CSGO_9.yuv,6.67E+01,5.03E+01
CShoppingCentreVidevo_960x544_25fps_10bit_420.yuv,8.81E+01,2.51E+01
CSignboardBoatLIVENetFlix_960x544_30fps_10bit_420.yuv,1.10E+02,4.03E+01
CSkyscraperBangkokVidevo_960x544_23fps_10bit_420.yuv,9.17E+01,2.17E+01
CSmokeClearBVITexture_960x544_120fps_10bit_420.yuv,1.99E+01,1.15E+01
CSmokeS45Mitch_960x544_24fps_10bit_420.yuv,3.92E+01,1.48E+00
CSparklerBVIHFR_960x544_120fps_10bit_420.yuv,9.78E+01,5.04E+01
CSquareAndTimelapseHarmonics_960x544_60fps_10bit_420.yuv,9.57E+01,2.45E+01
CSquareS1IRIS_960x544_24fps_10bit_420.yuv,1.16E+02,3.34E+01
CSquareS2IRIS_960x544_24fps_10bit_420.yuv,8.27E+01,2.32E+01
CStreetArtVidevo_960x544_30fps_10bit_420.yuv,1.08E+02,3.41E+01
CStreetDancerS1IRIS_960x544_24fps_10bit_420.yuv,1.09E+02,2.04E+01
CStreetDancerS2IRIS_960x544_24fps_10bit_420.yuv,5.03E+01,2.53E+01
CStreetDancerS3IRIS_960x544_24fps_10bit_420.yuv,5.62E+01,2.57E+01
CStreetDancerS4IRIS_960x544_24fps_10bit_420.yuv,9.13E+01,2.98E+01
CStreetDancerS5IRIS_960x544_24fps_10bit_420.yuv,5.51E+01,2.02E+01
CStreetsOfIndiaS1Harmonics_960x544_60fps_10bit_420.yuv,8.89E+01,1.69E+01
CStreetsOfIndiaS2Harmonics_960x544_60fps_10bit_420.yuv,8.58E+01,1.01E+01
CStreetsOfIndiaS3Harmonics_960x544_60fps_10bit_420.yuv,7.90E+01,2.85E+01
CTaiChiHongKongS1Videvo_960x544_25fps_10bit_420.yuv,6.15E+01,2.22E+01
CTaiChiHongKongS2Videvo_960x544_25fps_10bit_420.yuv,7.21E+01,2.28E+01
CTaipeiCityRooftops8Videvo_960x544_25fps_10bit_420.yuv,1.03E+02,9.30E+00
CTaipeiCityRooftopsS1Videvo_960x544_25fps_10bit_420.yuv,6.24E+01,1.89E+01
CTaipeiCityRooftopsS2Videvo_960x544_25fps_10bit_420.yuv,7.93E+01,1.52E+01
CTaksinBridgeVidevo_960x544_23fps_10bit_420.yuv,7.49E+01,1.18E+01
CTallBuildingsSJTU_960x544_60fps_10bit_420.yuv,8.72E+01,5.45E+00
CTennisMCLV_960x544_24fps_10bit_420.yuv,6.42E+01,2.86E+01
CToddlerFountain2Netflix_960x544_60fps_10bit_420.yuv,8.56E+01,2.79E+01
CTouristsSatOutsideVidevo_960x544_25fps_10bit_420.yuv,6.53E+01,1.01E+01
CToyCalendarHarmonics_960x544_60fps_10bit_420.yuv,7.73E+01,2.20E+01
CTrackingDownHongKongSideVidevo_960x544_25fps_10bit_420.yuv,9.14E+01,1.79E+01
CTrackingPastRestaurantVidevo_960x544_25fps_10bit_420.yuv,6.59E+01,3.60E+01
CTrackingPastStallHongKongVidevo_960x544_25fps_10bit_420.yuv,9.26E+01,2.95E+01
CTraditionalIndonesianKecakVidevo_960x544_25fps_10bit_420.yuv,5.18E+01,2.06E+01
CTrafficandBuildingSJTU_960x544_60fps_10bit_420.yuv,8.65E+01,9.43E+00
CTrafficFlowSJTU_960x544_60fps_10bit_420.yuv,7.90E+01,1.55E+01
CTrafficonTasksinBridgeVidevo_960x544_25fps_10bit_420.yuv,6.85E+01,1.37E+01
CTreeWillsBVITexture_960x544_120fps_10bit_420.yuv,1.45E+02,2.12E+00
CTruckIRIS_960x544_24fps_10bit_420.yuv,8.62E+01,1.73E+01
CTunnelFlagS1Harmonics_960x544_60fps_10bit_420.yuv,1.40E+02,5.45E+01
CUnloadingVegetablesVidevo_960x544_25fps_10bit_420.yuv,7.88E+01,3.09E+01
CVegetableMarketS1LIVENetFlix_960x544_30fps_10bit_420.yuv,7.46E+01,2.04E+01
CVegetableMarketS2LIVENetFlix_960x544_30fps_10bit_420.yuv,7.46E+01,2.15E+01
CVegetableMarketS3LIVENetFlix_960x544_30fps_10bit_420.yuv,5.79E+01,8.03E+00
CVegetableMarketS4LIVENetFlix_960x544_30fps_10bit_420.yuv,7.60E+01,2.95E+01
CVeniceS2Harmonics_960x544_60fps_10bit_420.yuv,8.08E+01,7.55E+00
CVeniceSceneIRIS_960x544_24fps_10bit_420.yuv,1.22E+02,2.88E+01
CWalkingDownKhaoStreetVidevo_960x544_25fps_10bit_420.yuv,6.63E+01,1.89E+01
CWalkingDownNorthRodeoVidevo_960x544_25fps_10bit_420.yuv,9.30E+01,1.57E+01
CWalkingThroughFootbridgeVidevo_960x544_25fps_10bit_420.yuv,8.63E+01,1.72E+01
CWaterS65Mitch_960x544_24fps_10bit_420.yuv,6.09E+01,3.12E+01
CWaterS81Mitch_960x544_24fps_10bit_420.yuv,1.13E+02,2.14E+01
CWatPhoTempleVidevo_960x544_50fps_10bit_420.yuv,6.78E+01,2.27E+01
CWoodSJTU_960x544_60fps_10bit_420.yuv,1.26E+02,2.98E+01
CWovenVidevo_960x544_25fps_10bit_420.yuv,8.90E+01,2.62E+01
DAdvertisingMassagesBangkokVidevo_480x272_25fps_10bit_420.yuv,9.81E+01,1.40E+01
DAmericanFootballS2Harmonics_480x272_60fps_10bit_420.yuv,1.22E+02,1.00E+00
DAmericanFootballS3Harmonics_480x272_60fps_10bit_420.yuv,7.85E+01,1.51E+01
DAmericanFootballS4Harmonics_480x272_60fps_10bit_420.yuv,9.87E+01,1.60E+01
DAnimalsS11Harmonics_480x272_60fps_10bit_420.yuv,1.14E+02,2.49E+01
DAnimalsS1Harmonics_480x272_60fps_10bit_420.yuv,8.01E+01,1.54E+01
DBangkokMarketVidevo_480x272_25fps_10bit_420.yuv,7.00E+01,1.14E+01
DBasketballGoalScoredS1Videvo_480x272_25fps_10bit_420.yuv,8.88E+01,3.99E+01
DBasketballGoalScoredS2Videvo_480x272_25fps_10bit_420.yuv,9.28E+01,3.67E+01
DBasketballS1YonseiUniversity_480x272_30fps_10bit_420.yuv,8.94E+01,2.97E+01
DBasketballS2YonseiUniversity_480x272_30fps_10bit_420.yuv,9.06E+01,1.09E+01
DBasketballS3YonseiUniversity_480x272_30fps_10bit_420.yuv,8.92E+01,1.25E+01
DBoatsChaoPhrayaRiverVidevo_480x272_23fps_10bit_420.yuv,6.57E+01,7.37E+00
DBobbleheadBVIHFR_480x272_120fps_10bit_420.yuv,8.65E+01,2.24E+01
DBookcaseBVITexture_480x272_120fps_10bit_420.yuv,1.54E+02,4.85E+01
DBoxingPracticeHarmonics_480x272_60fps_10bit_420.yuv,1.14E+02,1.47E+01
DBricksBushesStaticBVITexture_480x272_120fps_10bit_420.yuv,1.35E+02,4.49E+00
DBricksLeavesBVITexture_480x272_120fps_10bit_420.yuv,1.59E+02,1.33E+01
DBricksTiltingBVITexture_480x272_120fps_10bit_420.yuv,1.40E+02,9.71E+00
DBubblesPitcherS1BVITexture_480x272_120fps_10bit_420.yuv,3.08E+01,4.82E+00
DBuildingRoofS1IRIS_480x272_24fps_10bit_420.yuv,8.15E+01,1.92E+01
DBuildingRoofS2IRIS_480x272_24fps_10bit_420.yuv,1.18E+02,2.77E+01
DBuildingRoofS3IRIS_480x272_24fps_10bit_420.yuv,9.13E+01,1.46E+01
DBuildingRoofS4IRIS_480x272_24fps_10bit_420.yuv,9.61E+01,2.81E+01
DBuntingHangingAcrossHongKongVidevo_480x272_25fps_10bit_420.yuv,7.65E+01,1.01E+01
DBusyHongKongStreetVidevo_480x272_25fps_10bit_420.yuv,1.12E+02,2.02E+01
DCalmingWaterBVITexture_480x272_120fps_10bit_420.yuv,8.85E+01,2.35E+01
DCarpetPanAverageBVITexture_480x272_120fps_10bit_420.yuv,4.10E+01,1.53E+01
DCatchBVIHFR_480x272_120fps_10bit_420.yuv,1.04E+02,5.91E+00
DCeramicsandSpicesMoroccoVidevo_480x272_50fps_10bit_420.yuv,1.01E+02,8.92E+00
DCharactersYonseiUniversity_480x272_30fps_10bit_420.yuv,1.39E+02,2.96E+01
DChristmasPresentsIRIS_480x272_24fps_10bit_420.yuv,8.81E+01,2.20E+01
DChristmasRoomDareful_480x272_29fps_10bit_420.yuv,1.14E+02,5.40E+00
DChurchInsideMCLJCV_480x272_30fps_10bit_420.yuv,8.58E+01,7.22E+00
DCityScapesS1IRIS_480x272_24fps_10bit_420.yuv,9.91E+01,2.46E+01
DCityScapesS2IRIS_480x272_24fps_10bit_420.yuv,9.67E+01,2.11E+01
DCityScapesS3IRIS_480x272_24fps_10bit_420.yuv,9.50E+01,1.95E+01
DCityStreetS1IRIS_480x272_24fps_10bit_420.yuv,1.14E+02,2.90E+01
DCityStreetS3IRIS_480x272_24fps_10bit_420.yuv,1.37E+02,1.24E+01
DCityStreetS4IRIS_480x272_24fps_10bit_420.yuv,1.02E+02,3.00E+01
DCityStreetS5IRIS_480x272_24fps_10bit_420.yuv,1.13E+02,4.27E+01
DCityStreetS6IRIS_480x272_24fps_10bit_420.yuv,1.20E+02,4.01E+01
DCityStreetS7IRIS_480x272_24fps_10bit_420.yuv,1.06E+02,2.10E+01
DCloseUpBasketballSceneVidevo_480x272_25fps_10bit_420.yuv,1.15E+02,2.12E+01
DCloudsStaticBVITexture_480x272_120fps_10bit_420.yuv,4.04E+01,5.14E-01
DColourfulDecorationWatPhoVidevo_480x272_50fps_10bit_420.yuv,8.71E+01,1.36E+01
DColourfulKoreanLanternsVidevo_480x272_50fps_10bit_420.yuv,8.55E+01,1.53E+01
DColourfulPaperLanternsVidevo_480x272_50fps_10bit_420.yuv,8.78E+01,1.21E+01
DColourfulRugsMoroccoVidevo_480x272_50fps_10bit_420.yuv,9.47E+01,1.51E+01
DConstructionS2YonseiUniversity_480x272_30fps_10bit_420.yuv,1.24E+02,1.63E+01
DCostaRicaS3Harmonics_480x272_60fps_10bit_420.yuv,9.35E+01,5.71E+00
DCrosswalkHarmonics_480x272_60fps_10bit_420.yuv,7.59E+01,1.52E+01
DCrosswalkHongKong2S1Videvo_480x272_25fps_10bit_420.yuv,1.10E+02,2.41E+01
DCrosswalkHongKong2S2Videvo_480x272_25fps_10bit_420.yuv,1.04E+02,2.54E+01
DCrosswalkHongKongVidevo_480x272_25fps_10bit_420.yuv,7.88E+01,2.00E+01
DCrowdRunMCLV_480x272_25fps_10bit_420.yuv,1.07E+02,2.32E+01
DCyclistS1BVIHFR_480x272_120fps_10bit_420.yuv,1.22E+02,2.85E+01
DCyclistVeniceBeachBoardwalkVidevo_480x272_25fps_10bit_420.yuv,8.67E+01,1.43E+01
DDollsScene1YonseiUniversity_480x272_30fps_10bit_420.yuv,7.28E+01,1.51E+01
DDollsScene2YonseiUniversity_480x272_30fps_10bit_420.yuv,8.87E+01,2.58E+01
DDowntownHongKongVidevo_480x272_25fps_10bit_420.yuv,8.77E+01,1.61E+01
DDrivingPOVHarmonics_480x272_60fps_10bit_420.yuv,1.15E+02,1.15E+01
DDropsOnWaterBVITexture_480x272_120fps_10bit_420.yuv,1.11E+02,4.00E+01
degen_Pheonix_0.yuv,3.65E+01,4.26E+01
degen_Pheonix_1_0.yuv,1.15E+02,2.47E+01
degen_Pheonix_1_1.yuv,1.15E+02,1.53E+01
degen_Pheonix_1_2.yuv,1.15E+02,1.46E+01
degen_Pheonix_1_3.yuv,1.15E+02,3.73E+01
degen_Pheonix_10_0.yuv,1.15E+02,2.46E+01
degen_Pheonix_10_1.yuv,1.15E+02,1.42E+01
degen_Pheonix_10_10.yuv,1.14E+02,9.07E+00
degen_Pheonix_10_11.yuv,1.13E+02,1.04E+01
degen_Pheonix_10_12.yuv,1.11E+02,4.08E+01
degen_Pheonix_10_13.yuv,1.11E+02,3.77E+01
degen_Pheonix_10_2.yuv,1.15E+02,9.67E+00
degen_Pheonix_10_3.yuv,1.15E+02,1.21E+01
degen_Pheonix_10_4.yuv,1.15E+02,8.17E+00
degen_Pheonix_10_5.yuv,1.14E+02,4.88E+00
degen_Pheonix_10_6.yuv,1.15E+02,4.29E+00
degen_Pheonix_10_7.yuv,1.15E+02,5.79E+00
degen_Pheonix_10_8.yuv,1.15E+02,6.83E+00
degen_Pheonix_10_9.yuv,1.14E+02,5.24E+00
degen_Pheonix_2_0.yuv,1.45E+02,3.62E+01
degen_Pheonix_2_1.yuv,1.46E+02,3.25E+01
degen_Pheonix_2_2.yuv,1.46E+02,3.32E+01
degen_Pheonix_2_3.yuv,1.46E+02,3.10E+01
degen_Pheonix_2_4.yuv,1.46E+02,3.10E+01
degen_Pheonix_3_0.yuv,9.20E+01,1.61E+01
degen_Pheonix_3_1.yuv,9.19E+01,3.87E+00
degen_Pheonix_3_2.yuv,9.32E+01,1.14E+01
degen_Pheonix_3_3.yuv,9.34E+01,2.65E+01
degen_Pheonix_3_4.yuv,9.27E+01,7.69E+01
degen_Pheonix_5_0.yuv,9.03E+01,3.71E+01
degen_Pheonix_5_1.yuv,7.37E+01,3.68E+01
degen_Pheonix_5_2.yuv,8.39E+01,3.73E+01
degen_Pheonix_6_0.yuv,1.21E+02,4.84E+01
degen_Pheonix_6_1.yuv,1.38E+02,7.18E+01
degen_Pheonix_6_2.yuv,1.27E+02,6.73E+01
degen_Pheonix_6_3.yuv,1.18E+02,5.98E+01
degen_Pheonix_6_4.yuv,1.33E+02,6.97E+01
degen_Pheonix_7_0.yuv,1.09E+02,3.23E+01
degen_Pheonix_7_1.yuv,1.05E+02,2.38E+01
degen_Pheonix_7_2.yuv,1.07E+02,1.99E+01
degen_Pheonix_7_3.yuv,1.09E+02,2.15E+01
degen_Pheonix_7_4.yuv,1.09E+02,3.08E+01
degen_Pheonix_7_5.yuv,1.08E+02,2.71E+01
degen_Pheonix_7_6.yuv,1.07E+02,2.13E+01
degen_Pheonix_7_7.yuv,1.08E+02,2.15E+01
degen_Pheonix_7_8.yuv,1.07E+02,2.05E+01
degen_Pheonix_8_0.yuv,1.37E+02,4.31E+01
degen_Pheonix_8_1.yuv,1.37E+02,4.25E+01
DElFuenteMaskLIVENetFlix_480x272_24fps_10bit_420.yuv,1.28E+02,3.47E+01
DEnteringHongKongStallS1Videvo_480x272_25fps_10bit_420.yuv,8.21E+01,1.71E+01
DEnteringHongKongStallS2Videvo_480x272_25fps_10bit_420.yuv,8.11E+01,2.27E+01
DFerrisWheelTurningVidevo_480x272_50fps_10bit_420.yuv,9.73E+01,2.00E+01
DFireS18Mitch_480x272_24fps_10bit_420.yuv,7.75E+01,5.75E+01
DFireS21Mitch_480x272_24fps_10bit_420.yuv,8.61E+01,6.91E+01
DFireS71Mitch_480x272_24fps_10bit_420.yuv,9.99E+01,5.42E+01
DFirewoodS1IRIS_480x272_24fps_10bit_420.yuv,6.54E+01,1.83E+01
DFirewoodS2IRIS_480x272_25fps_10bit_420.yuv,5.01E+01,3.48E+01
DFitnessIRIS_480x272_24fps_10bit_420.yuv,7.18E+01,1.85E+01
DFjordsS1Harmonics_480x272_60fps_10bit_420.yuv,9.09E+01,9.00E+00
DFlagShootTUMSVT_480x272_50fps_10bit_420.yuv,9.18E+01,1.04E+01
DFlowerChapelS1IRIS_480x272_24fps_10bit_420.yuv,1.06E+02,1.60E+01
DFlowerChapelS2IRIS_480x272_24fps_10bit_420.yuv,1.00E+02,1.04E+01
DFlyingCountrysideDareful_480x272_29fps_10bit_420.yuv,8.18E+01,1.55E+01
DFlyingMountainsDareful_480x272_29fps_10bit_420.yuv,7.11E+01,1.24E+01
DFlyingThroughLAStreetVidevo_480x272_23fps_10bit_420.yuv,9.07E+01,6.40E+00
DFungusZoomBVITexture_480x272_120fps_10bit_420.yuv,7.53E+01,2.57E+00
DGrassBVITexture_480x272_120fps_10bit_420.yuv,8.84E+01,2.23E+00
DGrazTowerIRIS_480x272_24fps_10bit_420.yuv,1.01E+02,1.86E+01
DHamsterBVIHFR_480x272_120fps_10bit_420.yuv,1.31E+02,1.85E+01
DHarleyDavidsonIRIS_480x272_24fps_10bit_420.yuv,1.34E+02,2.57E+01
DHongKongIslandVidevo_480x272_25fps_10bit_420.yuv,7.93E+01,1.69E+01
DHongKongMarket1Videvo_480x272_25fps_10bit_420.yuv,7.59E+01,1.44E+01
DHongKongMarket2Videvo_480x272_25fps_10bit_420.yuv,9.90E+01,2.11E+01
DHongKongMarket3S1Videvo_480x272_25fps_10bit_420.yuv,8.38E+01,1.92E+01
DHongKongMarket3S2Videvo_480x272_25fps_10bit_420.yuv,8.54E+01,2.45E+01
DHongKongMarket4S1Videvo_480x272_25fps_10bit_420.yuv,9.19E+01,1.92E+01
DHongKongMarket4S2Videvo_480x272_25fps_10bit_420.yuv,9.29E+01,2.46E+01
DHongKongS1Harmonics_480x272_60fps_10bit_420.yuv,8.40E+01,3.85E+00
DHongKongS2Harmonics_480x272_60fps_10bit_420.yuv,8.66E+01,9.24E+00
DHongKongS3Harmonics_480x272_60fps_10bit_420.yuv,1.08E+02,8.24E+00
DHorseDrawnCarriagesVidevo_480x272_50fps_10bit_420.yuv,7.02E+01,1.27E+01
DHorseStaringS1Videvo_480x272_50fps_10bit_420.yuv,8.15E+01,2.39E+01
DHorseStaringS2Videvo_480x272_50fps_10bit_420.yuv,8.03E+01,1.31E+01
DJockeyHarmonics_480x272_120fps_10bit_420.yuv,1.07E+02,2.30E+01
DJoggersS1BVIHFR_480x272_120fps_10bit_420.yuv,8.83E+01,2.71E+01
DJoggersS2BVIHFR_480x272_120fps_10bit_420.yuv,9.19E+01,2.31E+01
DKartingIRIS_480x272_24fps_10bit_420.yuv,1.06E+02,4.69E+01
DKoraDrumsVidevo_480x272_25fps_10bit_420.yuv,1.05E+02,3.22E+01
DLakeYonseiUniversity_480x272_30fps_10bit_420.yuv,7.69E+01,8.86E+00
DLampLeavesBVITexture_480x272_120fps_10bit_420.yuv,1.42E+02,1.14E+01
DLaundryHangingOverHongKongVidevo_480x272_25fps_10bit_420.yuv,1.17E+02,2.36E+01
DLeaves1BVITexture_480x272_120fps_10bit_420.yuv,1.29E+02,4.26E+00
DLeaves3BVITexture_480x272_120fps_10bit_420.yuv,1.06E+02,3.31E+00
DLowLevelShotAlongHongKongVidevo_480x272_25fps_10bit_420.yuv,8.04E+01,9.04E+00
DLungshanTempleS1Videvo_480x272_50fps_10bit_420.yuv,7.32E+01,1.20E+01
DLungshanTempleS2Videvo_480x272_50fps_10bit_420.yuv,8.73E+01,1.45E+01
DManMoTempleVidevo_480x272_25fps_10bit_420.yuv,5.81E+01,1.44E+01
DManStandinginProduceTruckVidevo_480x272_25fps_10bit_420.yuv,8.41E+01,2.02E+01
DManWalkingThroughBangkokVidevo_480x272_25fps_10bit_420.yuv,7.52E+01,2.89E+00
DMaplesS1YonseiUniversity_480x272_30fps_10bit_420.yuv,1.62E+02,4.08E+01
DMaplesS2YonseiUniversity_480x272_30fps_10bit_420.yuv,1.44E+02,4.49E+01
DMirabellParkS1IRIS_480x272_24fps_10bit_420.yuv,1.09E+02,2.42E+01
DMirabellParkS2IRIS_480x272_24fps_10bit_420.yuv,1.04E+02,2.46E+01
DMobileHarmonics_480x272_60fps_10bit_420.yuv,1.28E+02,2.36E+01
DMoroccanCeramicsShopVidevo_480x272_50fps_10bit_420.yuv,1.05E+02,1.09E+01
DMoroccanSlippersVidevo_480x272_50fps_10bit_420.yuv,9.56E+01,1.27E+01
DMuralPaintingVidevo_480x272_25fps_10bit_420.yuv,4.76E+01,1.27E+01
DMyanmarS4Harmonics_480x272_60fps_10bit_420.yuv,1.19E+02,5.14E+00
DMyanmarS6Harmonics_480x272_60fps_10bit_420.yuv,1.00E+02,1.79E+01
DMyeongDongVidevo_480x272_25fps_10bit_420.yuv,1.04E+02,1.66E+01
DNewYorkStreetDareful_480x272_30fps_10bit_420.yuv,1.25E+02,7.10E+00
Dolby_Amaze_Lossless-ATMOS-thedigitaltheater_0.yuv,3.25E+01,9.85E-01
Dolby_Amaze_Lossless-ATMOS-thedigitaltheater_1.yuv,4.32E+01,8.65E+00
Dolby_Amaze_Lossless-ATMOS-thedigitaltheater_10.yuv,4.51E+01,1.03E+01
Dolby_Amaze_Lossless-ATMOS-thedigitaltheater_11.yuv,4.39E+01,8.06E+00
Dolby_Amaze_Lossless-ATMOS-thedigitaltheater_2.yuv,3.94E+01,5.75E+00
Dolby_Amaze_Lossless-ATMOS-thedigitaltheater_3.yuv,4.68E+01,9.13E+00
Dolby_Amaze_Lossless-ATMOS-thedigitaltheater_4.yuv,4.35E+01,6.66E+00
Dolby_Amaze_Lossless-ATMOS-thedigitaltheater_5.yuv,4.24E+01,2.20E+01
Dolby_Amaze_Lossless-ATMOS-thedigitaltheater_6.yuv,4.17E+01,5.73E+00
Dolby_Amaze_Lossless-ATMOS-thedigitaltheater_7.yuv,3.52E+01,4.70E+00
Dolby_Amaze_Lossless-ATMOS-thedigitaltheater_8.yuv,6.40E+01,4.23E+00
Dolby_Amaze_Lossless-ATMOS-thedigitaltheater_9.yuv,6.47E+01,6.33E+00
Dolby_Atmos_Natures_Fury_1920x1080_ATMOS_71-thedigitaltheater_0.yuv,0,0
Dolby_Atmos_Natures_Fury_1920x1080_ATMOS_71-thedigitaltheater_1.yuv,5.97E+01,4.37E+00
Dolby_Atmos_Natures_Fury_1920x1080_ATMOS_71-thedigitaltheater_10.yuv,4.07E+01,6.84E+00
Dolby_Atmos_Natures_Fury_1920x1080_ATMOS_71-thedigitaltheater_11.yuv,3.96E+01,5.56E+01
Dolby_Atmos_Natures_Fury_1920x1080_ATMOS_71-thedigitaltheater_12.yuv,4.16E+01,3.87E+01
Dolby_Atmos_Natures_Fury_1920x1080_ATMOS_71-thedigitaltheater_13.yuv,3.35E+01,2.59E+01
Dolby_Atmos_Natures_Fury_1920x1080_ATMOS_71-thedigitaltheater_14.yuv,4.13E+01,4.80E+01
Dolby_Atmos_Natures_Fury_1920x1080_ATMOS_71-thedigitaltheater_15.yuv,3.44E+01,5.87E+01
Dolby_Atmos_Natures_Fury_1920x1080_ATMOS_71-thedigitaltheater_16.yuv,3.68E+01,4.45E+01
Dolby_Atmos_Natures_Fury_1920x1080_ATMOS_71-thedigitaltheater_17.yuv,4.71E+01,5.73E+01
Dolby_Atmos_Natures_Fury_1920x1080_ATMOS_71-thedigitaltheater_18.yuv,4.70E+01,6.11E+01
Dolby_Atmos_Natures_Fury_1920x1080_ATMOS_71-thedigitaltheater_19.yuv,1.15E+02,7.33E+01
Dolby_Atmos_Natures_Fury_1920x1080_ATMOS_71-thedigitaltheater_2.yuv,3.36E+01,1.24E+01
Dolby_Atmos_Natures_Fury_1920x1080_ATMOS_71-thedigitaltheater_20.yuv,5.55E+01,3.92E+01
Dolby_Atmos_Natures_Fury_1920x1080_ATMOS_71-thedigitaltheater_21.yuv,6.34E+01,5.74E+00
Dolby_Atmos_Natures_Fury_1920x1080_ATMOS_71-thedigitaltheater_3.yuv,6.67E+01,4.24E+01
Dolby_Atmos_Natures_Fury_1920x1080_ATMOS_71-thedigitaltheater_4.yuv,4.21E+01,3.35E+01
Dolby_Atmos_Natures_Fury_1920x1080_ATMOS_71-thedigitaltheater_5.yuv,4.26E+01,3.87E+01
Dolby_Atmos_Natures_Fury_1920x1080_ATMOS_71-thedigitaltheater_6.yuv,4.49E+01,2.65E+01
Dolby_Atmos_Natures_Fury_1920x1080_ATMOS_71-thedigitaltheater_7.yuv,4.77E+01,5.99E+01
Dolby_Atmos_Natures_Fury_1920x1080_ATMOS_71-thedigitaltheater_8.yuv,4.08E+01,2.98E+01
Dolby_Atmos_Natures_Fury_1920x1080_ATMOS_71-thedigitaltheater_9.yuv,4.22E+01,7.04E+00
DOLBY_ATMOS_UNFOLD_2_FEEL_EVERY_DIMENSION_LOSSLESS-thedigitaltheater_0.yuv,2.08E+01,1.97E+01
DOLBY_ATMOS_UNFOLD_2_FEEL_EVERY_DIMENSION_LOSSLESS-thedigitaltheater_1.yuv,6.63E+01,4.85E+01
DOLBY_ATMOS_UNFOLD_2_FEEL_EVERY_DIMENSION_LOSSLESS-thedigitaltheater_2.yuv,7.12E+01,8.14E+01
DOLBY_ATMOS_UNFOLD_2_FEEL_EVERY_DIMENSION_LOSSLESS-thedigitaltheater_3.yuv,7.19E+01,5.98E+01
DOLBY_ATMOS_UNFOLD_2_FEEL_EVERY_DIMENSION_LOSSLESS-thedigitaltheater_4.yuv,4.01E+01,1.45E+01
DOrangeBuntingoverHongKongVidevo_480x272_25fps_10bit_420.yuv,8.57E+01,1.32E+01
DOTA2_0.yuv,6.35E+01,2.13E+01
DOTA2_1.yuv,6.90E+01,2.23E+01
DOTA2_10.yuv,7.30E+01,2.95E+01
DOTA2_11.yuv,6.85E+01,2.35E+01
DOTA2_2.yuv,7.61E+01,1.56E+01
DOTA2_3.yuv,7.63E+01,2.85E+01
DOTA2_4.yuv,6.97E+01,7.90E+00
DOTA2_5.yuv,8.02E+01,3.73E+01
DOTA2_6.yuv,8.37E+01,3.15E+01
DOTA2_7.yuv,8.44E+01,2.57E+01
DOTA2_8.yuv,7.97E+01,3.89E+01
DOTA2_9.yuv,7.29E+01,2.67E+01
DPaintingTiltingBVITexture_480x272_120fps_10bit_420.yuv,1.67E+02,2.22E+01
DParkViolinMCLJCV_480x272_25fps_10bit_420.yuv,1.17E+02,1.35E+01
DPedestriansSeoulatDawnVidevo_480x272_25fps_10bit_420.yuv,1.15E+02,1.53E+01
DPeopleWalkingS1IRIS_480x272_24fps_10bit_420.yuv,1.04E+02,2.26E+01
DPersonRunningOutsideVidevo_480x272_50fps_10bit_420.yuv,8.87E+01,1.08E+01
DPillowsTransBVITexture_480x272_120fps_10bit_420.yuv,1.39E+02,4.33E+00
DPlasmaFreeBVITexture_480x272_120fps_10bit_420.yuv,9.86E+01,1.36E+01
DPresentsChristmasTreeDareful_480x272_29fps_10bit_420.yuv,9.32E+01,9.32E+00
DReadySetGoS2TampereUniversity_480x272_120fps_10bit_420.yuv,1.03E+02,2.66E+01
DResidentialBuildingSJTU_480x272_60fps_10bit_420.yuv,1.16E+02,7.46E+00
DRollerCoaster2Netflix_480x272_60fps_10bit_420.yuv,8.88E+01,2.65E+01
DRunnersSJTU_480x272_60fps_10bit_420.yuv,1.04E+02,1.68E+01
DRuralSetupIRIS_480x272_24fps_10bit_420.yuv,9.91E+01,2.48E+01
DRuralSetupS2IRIS_480x272_24fps_10bit_420.yuv,9.22E+01,2.59E+01
DScarfSJTU_480x272_60fps_10bit_420.yuv,8.69E+01,2.96E+01
DSeasideWalkIRIS_480x272_24fps_10bit_420.yuv,1.11E+02,1.18E+01
DSeekingMCLV_480x272_25fps_10bit_420.yuv,8.65E+01,4.39E+01
DSeoulCanalatDawnVidevo_480x272_25fps_10bit_420.yuv,6.31E+01,1.29E+01
DShoppingCentreVidevo_480x272_25fps_10bit_420.yuv,1.05E+02,2.39E+01
DSignboardBoatLIVENetFlix_480x272_30fps_10bit_420.yuv,1.39E+02,3.86E+01
DSkyscraperBangkokVidevo_480x272_23fps_10bit_420.yuv,9.56E+01,1.69E+01
DSmokeClearBVITexture_480x272_120fps_10bit_420.yuv,2.56E+01,1.11E+01
DSmokeS45Mitch_480x272_24fps_10bit_420.yuv,5.59E+01,1.44E+00
DSparklerBVIHFR_480x272_120fps_10bit_420.yuv,1.23E+02,5.02E+01
DSquareAndTimelapseHarmonics_480x272_60fps_10bit_420.yuv,1.12E+02,2.09E+01
DSquareS1IRIS_480x272_24fps_10bit_420.yuv,1.34E+02,3.16E+01
DSquareS2IRIS_480x272_24fps_10bit_420.yuv,1.17E+02,2.54E+01
DStreetArtVidevo_480x272_30fps_10bit_420.yuv,1.36E+02,3.27E+01
DStreetDancerS1IRIS_480x272_24fps_10bit_420.yuv,1.38E+02,2.02E+01
DStreetDancerS2IRIS_480x272_24fps_10bit_420.yuv,7.50E+01,2.54E+01
DStreetDancerS3IRIS_480x272_24fps_10bit_420.yuv,7.95E+01,2.56E+01
DStreetDancerS4IRIS_480x272_24fps_10bit_420.yuv,1.32E+02,2.97E+01
DStreetDancerS5IRIS_480x272_24fps_10bit_420.yuv,8.47E+01,2.34E+01
DStreetsOfIndiaS1Harmonics_480x272_60fps_10bit_420.yuv,1.07E+02,1.53E+01
DStreetsOfIndiaS2Harmonics_480x272_60fps_10bit_420.yuv,1.15E+02,1.06E+01
DStreetsOfIndiaS3Harmonics_480x272_60fps_10bit_420.yuv,1.05E+02,3.31E+01
DTaiChiHongKongS1Videvo_480x272_25fps_10bit_420.yuv,7.53E+01,2.13E+01
DTaiChiHongKongS2Videvo_480x272_25fps_10bit_420.yuv,8.66E+01,2.17E+01
DTaipeiCityRooftops8Videvo_480x272_25fps_10bit_420.yuv,1.17E+02,6.37E+00
DTaipeiCityRooftopsS1Videvo_480x272_25fps_10bit_420.yuv,7.96E+01,1.84E+01
DTaipeiCityRooftopsS2Videvo_480x272_25fps_10bit_420.yuv,9.63E+01,1.02E+01
DTaksinBridgeVidevo_480x272_23fps_10bit_420.yuv,8.72E+01,8.58E+00
DTallBuildingsSJTU_480x272_60fps_10bit_420.yuv,9.17E+01,2.71E+00
DTennisMCLV_480x272_24fps_10bit_420.yuv,9.00E+01,2.85E+01
DToddlerFountain2Netflix_480x272_60fps_10bit_420.yuv,9.80E+01,2.54E+01
DTouristsSatOutsideVidevo_480x272_25fps_10bit_420.yuv,8.24E+01,9.75E+00
DToyCalendarHarmonics_480x272_60fps_10bit_420.yuv,9.08E+01,2.06E+01
DTrackingDownHongKongSideVidevo_480x272_25fps_10bit_420.yuv,1.16E+02,1.62E+01
DTrackingPastRestaurantVidevo_480x272_25fps_10bit_420.yuv,8.54E+01,3.58E+01
DTrackingPastStallHongKongVidevo_480x272_25fps_10bit_420.yuv,1.07E+02,2.83E+01
DTraditionalIndonesianKecakVidevo_480x272_25fps_10bit_420.yuv,7.56E+01,2.03E+01
DTrafficandBuildingSJTU_480x272_60fps_10bit_420.yuv,9.82E+01,8.13E+00
DTrafficFlowSJTU_480x272_60fps_10bit_420.yuv,9.67E+01,1.45E+01
DTrafficonTasksinBridgeVidevo_480x272_25fps_10bit_420.yuv,8.00E+01,1.27E+01
DTreeWillsBVITexture_480x272_120fps_10bit_420.yuv,1.41E+02,1.41E+00
DTruckIRIS_480x272_24fps_10bit_420.yuv,1.10E+02,1.65E+01
DTunnelFlagS1Harmonics_480x272_60fps_10bit_420.yuv,2.04E+02,6.06E+01
DUnloadingVegetablesVidevo_480x272_25fps_10bit_420.yuv,9.14E+01,2.90E+01
DVegetableMarketS1LIVENetFlix_480x272_30fps_10bit_420.yuv,8.55E+01,1.76E+01
DVegetableMarketS2LIVENetFlix_480x272_30fps_10bit_420.yuv,8.55E+01,1.91E+01
DVegetableMarketS3LIVENetFlix_480x272_30fps_10bit_420.yuv,6.90E+01,5.62E+00
DVegetableMarketS4LIVENetFlix_480x272_30fps_10bit_420.yuv,9.02E+01,2.85E+01
DVeniceS2Harmonics_480x272_60fps_10bit_420.yuv,1.06E+02,6.08E+00
DVeniceSceneIRIS_480x272_24fps_10bit_420.yuv,1.47E+02,2.68E+01
DWalkingDownKhaoStreetVidevo_480x272_25fps_10bit_420.yuv,7.34E+01,1.67E+01
DWalkingDownNorthRodeoVidevo_480x272_25fps_10bit_420.yuv,1.09E+02,1.35E+01
DWalkingThroughFootbridgeVidevo_480x272_25fps_10bit_420.yuv,9.85E+01,1.52E+01
DWaterS65Mitch_480x272_24fps_10bit_420.yuv,7.22E+01,3.06E+01
DWaterS81Mitch_480x272_24fps_10bit_420.yuv,1.33E+02,1.87E+01
DWatPhoTempleVidevo_480x272_50fps_10bit_420.yuv,8.24E+01,2.16E+01
DWoodSJTU_480x272_60fps_10bit_420.yuv,1.38E+02,2.16E+01
DWovenVidevo_480x272_25fps_10bit_420.yuv,1.10E+02,2.51E+01
EuroTruckSimulator2_0.yuv,8.72E+01,7.43E+01
EuroTruckSimulator2_1.yuv,9.07E+01,7.40E+01
EuroTruckSimulator2_10.yuv,7.86E+01,2.23E+01
EuroTruckSimulator2_11.yuv,7.52E+01,3.40E+01
EuroTruckSimulator2_2.yuv,7.68E+01,2.51E+01
EuroTruckSimulator2_3.yuv,7.68E+01,6.49E+01
EuroTruckSimulator2_4.yuv,6.76E+01,5.75E+01
EuroTruckSimulator2_5.yuv,7.00E+01,5.50E+01
EuroTruckSimulator2_6.yuv,6.71E+01,5.71E+01
EuroTruckSimulator2_7.yuv,6.64E+01,4.36E+01
EuroTruckSimulator2_8.yuv,6.54E+01,4.18E+01
EuroTruckSimulator2_9.yuv,7.59E+01,5.87E+01
FabricHighSpeedHighGran_300frames_1920x1080.yuv,2.96E+01,2.07E+01
FabricHighSpeedLowGran_300frames_1920x1080.yuv,4.65E+01,4.46E+01
FabricHighSpeedMedGran_300frames_1920x1080.yuv,4.27E+01,3.90E+01
FabricLowSpeedHighGran_300frames_1920x1080.yuv,6.65E+01,2.62E+01
FabricLowSpeedLowGran_300frames_1920x1080.yuv,7.45E+01,2.94E+01
FabricLowSpeedMedGran_300frames_1920x1080.yuv,8.02E+01,3.26E+01
FabricMedSpeedHighGran_300frames_1920x1080.yuv,5.33E+01,3.18E+01
FabricMedSpeedLowGran_300frames_1920x1080.yuv,6.04E+01,3.88E+01
FabricMedSpeedMedGran_300frames_1920x1080.yuv,6.40E+01,4.00E+01
FallingLeaves1HighWindSpeedHighGran_300frames_1920x1080.yuv,6.50E+01,3.12E+01
FallingLeaves1HighWindSpeedLowGran_300frames_1920x1080.yuv,6.26E+01,3.41E+01
FallingLeaves1HighWindSpeedMedGran_300frames_1920x1080.yuv,5.58E+01,3.20E+01
FallingLeaves1LowWindSpeedHighGran_300frames_1920x1080.yuv,6.58E+01,2.25E+01
FallingLeaves1LowWindSpeedLowGran_300frames_1920x1080.yuv,6.15E+01,2.68E+01
FallingLeaves1LowWindSpeedMedGran_300frames_1920x1080.yuv,5.84E+01,2.41E+01
FallingLeaves1MedWindSpeedHighGran_300frames_1920x1080.yuv,6.58E+01,2.71E+01
FallingLeaves1MedWindSpeedLowGran_300frames_1920x1080.yuv,6.16E+01,3.07E+01
FallingLeaves1MedWindSpeedMedGran_300frames_1920x1080.yuv,5.75E+01,2.82E+01
FallingLeaves2HighWindSpeedHighGran_300frames_1920x1080.yuv,4.50E+01,2.17E+01
FallingLeaves2HighWindSpeedLowGran_300frames_1920x1080.yuv,3.60E+01,2.02E+01
FallingLeaves2HighWindSpeedMedGran_300frames_1920x1080.yuv,3.84E+01,2.16E+01
FallingLeaves2LowWindSpeedHighGran_300frames_1920x1080.yuv,4.77E+01,1.55E+01
FallingLeaves2LowWindSpeedLowGran_300frames_1920x1080.yuv,3.73E+01,1.49E+01
FallingLeaves2LowWindSpeedMedGran_300frames_1920x1080.yuv,3.97E+01,1.60E+01
FallingLeaves2MedWindSpeedHighGran_300frames_1920x1080.yuv,4.65E+01,1.85E+01
FallingLeaves2MedWindSpeedLowGran_300frames_1920x1080.yuv,3.59E+01,1.79E+01
FallingLeaves2MedWindSpeedMedGran_300frames_1920x1080.yuv,3.94E+01,1.90E+01
Fallout4_0.yuv,9.32E+01,3.72E+01
Fallout4_1.yuv,9.30E+01,7.15E+01
Fallout4_10.yuv,1.26E+02,7.72E+01
Fallout4_11.yuv,8.44E+01,5.46E+01
Fallout4_2.yuv,1.00E+02,5.23E+01
Fallout4_3.yuv,9.05E+01,5.65E+01
Fallout4_4.yuv,8.59E+01,6.93E+01
Fallout4_5.yuv,1.21E+02,7.96E+01
Fallout4_6.yuv,1.25E+02,5.94E+01
Fallout4_7.yuv,1.29E+02,6.84E+01
Fallout4_8.yuv,1.25E+02,7.34E+01
Fallout4_9.yuv,1.17E+02,7.32E+01
Fire_300frames_1920x1080.yuv,2.27E+01,3.14E+01
Flower1LowWindSpeedHighGran_300frames_1920x1080.yuv,5.35E+01,4.60E+00
Flower1LowWindSpeedLowGran_300frames_1920x1080.yuv,4.08E+01,6.64E+00
Flower1LowWindSpeedMedGran_300frames_1920x1080.yuv,4.74E+01,5.38E+00
Flower1MedWindSpeedHighGran_300frames_1920x1080.yuv,5.15E+01,5.39E+00
Flower1MedWindSpeedLowGran_300frames_1920x1080.yuv,3.92E+01,8.42E+00
Flower1MedWindSpeedMedGran_300frames_1920x1080.yuv,4.58E+01,6.67E+00
Flower2LowWindSpeedHighGran_300frames_1920x1080.yuv,7.15E+01,6.14E+00
Flower2LowWindSpeedLowGran_300frames_1920x1080.yuv,5.19E+01,1.23E+01
Flower2LowWindSpeedMedGran_300frames_1920x1080.yuv,6.66E+01,8.07E+00
Flower2MedWindSpeedHighGran_300frames_1920x1080.yuv,7.14E+01,8.05E+00
Flower2MedWindSpeedLowGran_300frames_1920x1080.yuv,5.31E+01,1.84E+01
Flower2MedWindSpeedMedGran_300frames_1920x1080.yuv,6.88E+01,1.11E+01
Flower3LowWindSpeedHighGran_300frames_1920x1080.yuv,7.17E+01,5.21E+00
Flower3LowWindSpeedLowGran_300frames_1920x1080.yuv,5.72E+01,8.76E+00
Flower3LowWindSpeedMedGran_300frames_1920x1080.yuv,7.48E+01,8.50E+00
Flower3MedWindSpeedHighGran_300frames_1920x1080.yuv,7.05E+01,5.97E+00
Flower3MedWindSpeedLowGran_300frames_1920x1080.yuv,5.62E+01,1.09E+01
Flower3MedWindSpeedMedGran_300frames_1920x1080.yuv,7.36E+01,9.86E+00
FlowingRiverHighSpeedHighGran_300frames_1920x1080.yuv,1.00E+01,4.78E+00
FlowingRiverHighSpeedLowGran_300frames_1920x1080.yuv,9.34E+00,7.06E+00
FlowingRiverHighSpeedMedGran_300frames_1920x1080.yuv,1.14E+01,5.97E+00
FlowingRiverLowSpeedHighGran_300frames_1920x1080.yuv,1.06E+01,4.28E+00
FlowingRiverLowSpeedLowGran_300frames_1920x1080.yuv,9.98E+00,5.51E+00
FlowingRiverLowSpeedMedGran_300frames_1920x1080.yuv,1.15E+01,4.55E+00
FlowingRiverMedSpeedHighGran_300frames_1920x1080.yuv,1.03E+01,4.48E+00
FlowingRiverMedSpeedLowGran_300frames_1920x1080.yuv,9.73E+00,6.68E+00
FlowingRiverMedSpeedMedGran_300frames_1920x1080.yuv,1.17E+01,5.28E+00
forest22_3840x2160_0.yuv,7.72E+01,2.70E+01
forest22_3840x2160_1.yuv,7.63E+01,2.58E+01
forest22_3840x2160_2.yuv,7.58E+01,2.58E+01
forest22_3840x2160_3.yuv,7.24E+01,2.60E+01
forestvlogwalk22_3840x2160_0.yuv,7.83E+01,3.34E+01
forestvlogwalk22_3840x2160_1.yuv,7.35E+01,3.31E+01
forestvlogwalk22_3840x2160_2.yuv,7.63E+01,3.47E+01
forestvlogwalk22_3840x2160_3.yuv,7.55E+01,3.02E+01
FountainHighDensityMedWidth_300frames_1920x1080.yuv,3.44E+01,1.10E+01
FountainHighDensityNarrowWidth_300frames_1920x1080.yuv,3.43E+01,9.64E+00
FountainHighDensityWideWidth_300frames_1920x1080.yuv,3.64E+01,1.25E+01
FountainLowDensityMedWidth_300frames_1920x1080.yuv,4.83E+01,1.68E+01
FountainLowDensityNarrowWidth_300frames_1920x1080.yuv,4.70E+01,1.49E+01
FountainLowDensityWideWidth_300frames_1920x1080.yuv,4.60E+01,1.58E+01
FountainMedDensityMedWidth_300frames_1920x1080.yuv,4.44E+01,1.62E+01
FountainMedDensityNarrowWidth_300frames_1920x1080.yuv,4.32E+01,1.36E+01
FountainMedDensityWideWidth_300frames_1920x1080.yuv,4.25E+01,1.57E+01
GrassHighWindSpeedHighGran_300frames_1920x1080.yuv,5.26E+01,9.63E+00
GrassHighWindSpeedLowGran_300frames_1920x1080.yuv,6.97E+01,3.11E+01
GrassHighWindSpeedMedGran_300frames_1920x1080.yuv,6.40E+01,1.86E+01
GrassLowWindSpeedHighGran_300frames_1920x1080.yuv,6.08E+01,7.05E+00
GrassLowWindSpeedLowGran_300frames_1920x1080.yuv,7.50E+01,1.68E+01
GrassLowWindSpeedMedGran_300frames_1920x1080.yuv,7.34E+01,1.01E+01
GrassMedWindSpeedHighGran_300frames_1920x1080.yuv,5.83E+01,8.17E+00
GrassMedWindSpeedLowGran_300frames_1920x1080.yuv,7.22E+01,2.57E+01
GrassMedWindSpeedMedGran_300frames_1920x1080.yuv,6.90E+01,1.50E+01
GTAV_0.yuv,6.87E+01,3.25E+01
GTAV_1.yuv,7.21E+01,3.34E+01
GTAV_10.yuv,4.24E+01,3.75E+01
GTAV_11.yuv,4.62E+01,6.06E+01
GTAV_2.yuv,6.66E+01,7.36E+01
GTAV_3.yuv,4.57E+01,6.21E+01
GTAV_4.yuv,4.28E+01,3.15E+01
GTAV_5.yuv,3.86E+01,5.76E+01
GTAV_6.yuv,3.79E+01,9.34E+00
GTAV_7.yuv,4.19E+01,7.21E+01
GTAV_8.yuv,4.09E+01,1.12E+01
GTAV_9.yuv,3.93E+01,1.74E+01
Hearthstone_0.yuv,8.43E+01,3.11E+01
Hearthstone_1.yuv,8.43E+01,3.13E+01
Hearthstone_10.yuv,8.23E+01,5.00E+01
Hearthstone_11.yuv,7.48E+01,2.43E+01
Hearthstone_2.yuv,7.77E+01,7.18E+00
Hearthstone_3.yuv,7.66E+01,1.51E+00
Hearthstone_4.yuv,7.65E+01,1.60E+00
Hearthstone_5.yuv,8.88E+01,4.22E+01
Hearthstone_6.yuv,8.83E+01,1.69E+01
Hearthstone_7.yuv,8.25E+01,3.00E+01
Hearthstone_8.yuv,8.16E+01,4.16E+01
Hearthstone_9.yuv,8.29E+01,4.21E+01
HexagonTileHighSpeedHighGran_300frames_1920x1080.yuv,7.62E+01,4.96E+01
HexagonTileHighSpeedLowGran_300frames_1920x1080.yuv,5.06E+01,4.27E+01
HexagonTileHighSpeedMedGran_300frames_1920x1080.yuv,5.93E+01,4.12E+01
HexagonTileLowSpeedHighGran_300frames_1920x1080.yuv,1.21E+02,3.80E+01
HexagonTileLowSpeedLowGran_300frames_1920x1080.yuv,6.48E+01,2.48E+01
HexagonTileLowSpeedMedGran_300frames_1920x1080.yuv,9.15E+01,3.43E+01
HexagonTileMedSpeedHighGran_300frames_1920x1080.yuv,1.09E+02,4.90E+01
HexagonTileMedSpeedLowGran_300frames_1920x1080.yuv,5.10E+01,3.12E+01
HexagonTileMedSpeedMedGran_300frames_1920x1080.yuv,7.85E+01,4.07E+01
horses122_3840x2160_0.yuv,8.60E+01,3.05E+01
horses122_3840x2160_1.yuv,7.90E+01,1.97E+01
horses122_3840x2160_2.yuv,7.91E+01,2.21E+01
horses122_3840x2160_3.yuv,8.22E+01,2.05E+01
horses222_3840x2160_0.yuv,8.01E+01,3.14E+01
horses222_3840x2160_1.yuv,7.63E+01,2.26E+01
horses222_3840x2160_2.yuv,7.76E+01,2.14E+01
horses222_3840x2160_3.yuv,7.76E+01,2.41E+01
life_1080p30_0.yuv,9.33E+01,9.96E+01
life_1080p30_1.yuv,5.44E+01,3.96E+01
life_1080p30_2.yuv,8.40E+01,1.19E+02
life_1080p30_3.yuv,7.85E+01,1.25E+02
life_1080p30_4.yuv,7.21E+01,7.12E+01
MeridianRoad_3840x2160_5994_hdr10.yuv,1.93E+01,7.02E+00
MINECRAFT_0.yuv,9.49E+01,4.81E+01
MINECRAFT_1.yuv,9.13E+01,4.98E+01
MINECRAFT_10.yuv,3.96E+01,4.01E+00
MINECRAFT_11.yuv,5.35E+01,1.08E+01
MINECRAFT_2.yuv,8.67E+01,3.99E+01
MINECRAFT_3.yuv,8.56E+01,4.82E+01
MINECRAFT_4.yuv,7.57E+01,3.01E+01
MINECRAFT_5.yuv,1.03E+02,6.74E+01
MINECRAFT_6.yuv,9.05E+01,2.44E+01
MINECRAFT_7.yuv,7.36E+01,2.13E+01
MINECRAFT_8.yuv,6.06E+01,2.56E+01
MINECRAFT_9.yuv,4.31E+01,1.02E+01
NocturneDance_3840x2160_60fps_hdr10.yuv,2.87E+01,9.19E+00
NocturneRoom_3840x2160_60fps_hdr10.yuv,1.94E+01,6.04E+00
OceanWaveHighWindSpeedShortFetchLength_300frames_1920x1080.yuv,2.06E+01,1.32E+01
OceanWaveLowWindSpeedShortFetchLength_300frames_1920x1080.yuv,3.75E+01,1.57E+01
OceanWaveMedWindSpeedShortFetchLength_300frames_1920x1080.yuv,3.17E+01,1.47E+01
old_town_cross_1080p50_0.yuv,6.26E+01,1.56E+01
old_town_cross_1080p50_1.yuv,6.51E+01,2.03E+01
PanelHighSpeedHighGran_300frames_1920x1080.yuv,9.21E+01,2.72E+01
PanelHighSpeedLowGran_300frames_1920x1080.yuv,6.94E+01,4.81E+01
PanelHighSpeedMedGran_300frames_1920x1080.yuv,9.08E+01,3.31E+01
PanelLowSpeedHighGran_300frames_1920x1080.yuv,1.20E+02,2.68E+01
PanelLowSpeedLowGran_300frames_1920x1080.yuv,8.35E+01,2.62E+01
PanelLowSpeedMedGran_300frames_1920x1080.yuv,1.18E+02,3.45E+01
PanelMedSpeedHighGran_300frames_1920x1080.yuv,1.06E+02,2.62E+01
PanelMedSpeedLowGran_300frames_1920x1080.yuv,7.77E+01,3.84E+01
PanelMedSpeedMedGran_300frames_1920x1080.yuv,1.07E+02,4.22E+01
park_joy_1080p50_0.yuv,1.25E+02,4.34E+01
park_joy_1080p50_1.yuv,1.33E+02,4.29E+01
pathwalk22_3840x2160_0.yuv,7.46E+01,2.82E+01
pathwalk22_3840x2160_1.yuv,7.59E+01,2.82E+01
pathwalk22_3840x2160_2.yuv,7.72E+01,2.81E+01
pathwalk22_3840x2160_3.yuv,7.89E+01,2.81E+01
pathwalk22_3840x2160_4.yuv,7.96E+01,2.91E+01
pedestrian_area_1080p25_0.yuv,4.32E+01,2.46E+01
pedestrian_area_1080p25_1.yuv,4.13E+01,2.15E+01
pedestrian_area_1080p25_2.yuv,4.09E+01,2.15E+01
PondWaterHighWaveSpeedHighGran_300frames_1920x1080.yuv,2.80E+01,4.44E+00
PondWaterHighWaveSpeedLowGran_300frames_1920x1080.yuv,7.71E+00,1.70E+01
PondWaterHighWaveSpeedMedGran_300frames_1920x1080.yuv,2.79E+01,1.07E+01
PondWaterLowWaveSpeedHighGran_300frames_1920x1080.yuv,3.00E+01,2.71E+00
PondWaterLowWaveSpeedLowGran_300frames_1920x1080.yuv,7.34E+00,6.69E+00
PondWaterLowWaveSpeedMedGran_300frames_1920x1080.yuv,2.80E+01,4.65E+00
PondWaterMedWaveSpeedHighGran_300frames_1920x1080.yuv,2.90E+01,3.40E+00
PondWaterMedWaveSpeedLowGran_300frames_1920x1080.yuv,7.11E+00,8.94E+00
PondWaterMedWaveSpeedMedGran_300frames_1920x1080.yuv,2.72E+01,6.70E+00
red_kayak_1080p_0.yuv,8.87E+01,4.18E+01
red_kayak_1080p_1.yuv,6.42E+01,4.17E+01
red_kayak_1080p_2.yuv,4.92E+01,5.81E+01
rg_1.yuv,7.90E+01,1.31E+01
rg_2.yuv,1.24E+02,2.79E+01
rg_3.yuv,1.08E+02,4.42E+01
rg_4.yuv,4.91E+01,2.59E+01
riverbed_1080p25_0.yuv,4.60E+01,3.46E+01
riverbed_1080p25_1.yuv,4.52E+01,3.40E+01
rowing22_3840x2160_0.yuv,4.00E+01,1.23E+01
rowing22_3840x2160_2.yuv,3.61E+01,1.23E+01
rush_field_cuts_1080p_0.yuv,8.19E+01,1.24E+01
rush_field_cuts_1080p_1.yuv,8.20E+01,4.37E+01
rush_field_cuts_1080p_2.yuv,8.45E+01,6.78E+01
rush_hour_1080p25_0.yuv,2.77E+01,1.70E+01
rush_hour_1080p25_1.yuv,2.97E+01,1.19E+01
rush_hour_1080p25_2.yuv,3.09E+01,1.66E+01
rush_hour_1080p25_3.yuv,3.11E+01,2.20E+01
RUST_0.yuv,4.91E+01,2.15E+01
RUST_1.yuv,6.05E+01,2.77E+01
RUST_10.yuv,4.92E+01,3.71E+01
RUST_11.yuv,5.53E+01,2.45E+01
RUST_2.yuv,7.79E+01,2.62E+01
RUST_3.yuv,6.10E+01,2.46E+01
RUST_4.yuv,6.28E+01,2.39E+01
RUST_5.yuv,5.67E+01,2.73E+01
RUST_6.yuv,6.20E+01,4.31E+01
RUST_7.yuv,5.43E+01,1.95E+01
RUST_8.yuv,6.10E+01,2.62E+01
RUST_9.yuv,5.30E+01,2.55E+01
sf_1.yuv,9.18E+01,1.58E+01
sf_2.yuv,4.65E+01,1.29E+01
sf_4.yuv,1.17E+02,2.66E+01
sf_5.yuv,5.47E+01,1.52E+01
SmokeHighSpeedHighDensity_300frames_1920x1080.yuv,2.77E+00,3.45E+00
SmokeHighSpeedLowDensity_300frames_1920x1080.yuv,2.27E+00,2.64E+00
SmokeHighSpeedMedDensity_300frames_1920x1080.yuv,2.57E+00,4.04E+00
SmokeLowSpeedHighDensity_300frames_1920x1080.yuv,2.26E+00,2.11E+00
SmokeLowSpeedLowDensity_300frames_1920x1080.yuv,2.39E+00,2.32E+00
SmokeLowSpeedMedDensity_300frames_1920x1080.yuv,2.42E+00,2.61E+00
SmokeMedSpeedHighDensity_300frames_1920x1080.yuv,2.50E+00,2.56E+00
SmokeMedSpeedLowDensity_300frames_1920x1080.yuv,2.40E+00,2.93E+00
SmokeMedSpeedMedDensity_300frames_1920x1080.yuv,2.54E+00,3.00E+00
snow_mnt_1080p_0.yuv,1.14E+02,8.59E+00
snow_mnt_1080p_1.yuv,1.14E+02,1.94E+01
snow_mnt_1080p_2.yuv,1.01E+02,1.94E+01
speed_bag_1080p_0.yuv,3.25E+01,5.10E+01
speed_bag_1080p_1.yuv,5.76E+01,4.83E+01
speed_bag_1080p_2.yuv,4.59E+01,4.91E+01
STARCRAFT_0.yuv,9.43E+01,3.68E+01
STARCRAFT_1.yuv,8.77E+01,4.89E+00
STARCRAFT_10.yuv,9.49E+01,2.61E+01
STARCRAFT_11.yuv,8.98E+01,2.79E+01
STARCRAFT_2.yuv,8.71E+01,2.50E+01
STARCRAFT_3.yuv,8.99E+01,3.03E+01
STARCRAFT_4.yuv,8.83E+01,2.71E+01
STARCRAFT_5.yuv,9.07E+01,2.40E+01
STARCRAFT_6.yuv,9.44E+01,2.42E+01
STARCRAFT_7.yuv,8.99E+01,2.07E+01
STARCRAFT_8.yuv,8.98E+01,1.97E+01
STARCRAFT_9.yuv,9.04E+01,2.09E+01
station2_1080p25_0.yuv,3.84E+01,1.45E+01
station2_1080p25_1.yuv,4.04E+01,9.98E+00
SteamHighSpeed_300frames_1920x1080.yuv,3.72E+00,4.76E+00
SteamLowSpeed_300frames_1920x1080.yuv,2.52E+00,1.52E+00
SteamMedSpeed_300frames_1920x1080.yuv,2.49E+00,1.74E+00
stilllake22_3840x2160_0.yuv,7.03E+01,9.78E+00
stilllake22_3840x2160_1.yuv,6.95E+01,8.70E+00
stilllake22_3840x2160_2.yuv,6.91E+01,8.86E+00
stilllake22_3840x2160_3.yuv,6.87E+01,9.12E+00
stilllake22_3840x2160_4.yuv,6.82E+01,9.44E+00
sunflower_1080p25_0.yuv,3.61E+01,2.93E+01
sunflower_1080p25_1.yuv,4.55E+01,3.05E+01
sunflower_1080p25_2.yuv,4.59E+01,2.92E+01
sunflower_1080p25_3.yuv,4.48E+01,2.43E+01
svt_forest_lake_3840x2160_50_10bit_420.yuv,1.01E+02,1.51E+01
svt_midnight_sun_3840x2160_50_10bit_420.yuv,8.82E+01,1.82E+01
svt_smithy_3840x2160_50_10bit_420.yuv,8.99E+01,3.87E+00
svt_smoke_sauna_3840x2160_50_10bit_420.yuv,2.72E+01,7.73E+00
svt_water_flyover_3840x2160_50_10bit_420.yuv,1.02E+02,2.42E+01
svt_waterfall_3840x2160_50_10bit_420.yuv,8.25E+01,2.35E+01
touchdown_pass_1080p_0.yuv,5.24E+01,1.68E+01
touchdown_pass_1080p_1.yuv,4.57E+01,2.43E+01
touchdown_pass_1080p_2.yuv,5.80E+01,3.16E+01
tractor_1080p25_0.yuv,5.43E+01,2.61E+01
tractor_1080p25_1.yuv,5.45E+01,2.78E+01
tractor_1080p25_2.yuv,3.60E+01,2.80E+01
tractor_1080p25_3.yuv,4.47E+01,2.81E+01
tractor_1080p25_4.yuv,4.10E+01,2.28E+01
Tree1HighWindSpeedHighGran_300frames_1920x1080.yuv,6.63E+01,1.19E+01
Tree1HighWindSpeedLowGran_300frames_1920x1080.yuv,5.37E+01,2.40E+01
Tree1HighWindSpeedMedGran_300frames_1920x1080.yuv,6.68E+01,1.64E+01
Tree1LowWindSpeedHighGran_300frames_1920x1080.yuv,7.04E+01,6.38E+00
Tree1LowWindSpeedLowGran_300frames_1920x1080.yuv,5.72E+01,8.40E+00
Tree1LowWindSpeedMedGran_300frames_1920x1080.yuv,6.98E+01,7.26E+00
Tree1MedWindSpeedHighGran_300frames_1920x1080.yuv,6.89E+01,8.41E+00
Tree1MedWindSpeedLowGran_300frames_1920x1080.yuv,5.48E+01,2.01E+01
Tree1MedWindSpeedMedGran_300frames_1920x1080.yuv,6.80E+01,1.32E+01
Tree2HighWindSpeedHighGran_300frames_1920x1080.yuv,6.82E+01,1.26E+01
Tree2HighWindSpeedLowGran_300frames_1920x1080.yuv,7.08E+01,3.20E+01
Tree2HighWindSpeedMedGran_300frames_1920x1080.yuv,5.64E+01,1.66E+01
Tree2LowWindSpeedHighGran_300frames_1920x1080.yuv,7.24E+01,7.07E+00
Tree2LowWindSpeedLowGran_300frames_1920x1080.yuv,7.46E+01,1.37E+01
Tree2LowWindSpeedMedGran_300frames_1920x1080.yuv,6.03E+01,6.88E+00
Tree2MedWindSpeedHighGran_300frames_1920x1080.yuv,6.99E+01,9.86E+00
Tree2MedWindSpeedLowGran_300frames_1920x1080.yuv,7.22E+01,2.58E+01
Tree2MedWindSpeedMedGran_300frames_1920x1080.yuv,5.72E+01,1.27E+01
Tree3HighWindSpeedHighGran_300frames_1920x1080.yuv,6.94E+01,1.20E+01
Tree3HighWindSpeedLowGran_300frames_1920x1080.yuv,6.27E+01,3.37E+01
Tree3HighWindSpeedMedGran_300frames_1920x1080.yuv,5.44E+01,1.87E+01
Tree3LowWindSpeedHighGran_300frames_1920x1080.yuv,7.27E+01,6.88E+00
Tree3LowWindSpeedLowGran_300frames_1920x1080.yuv,6.35E+01,1.44E+01
Tree3LowWindSpeedMedGran_300frames_1920x1080.yuv,5.70E+01,7.96E+00
Tree3MedWindSpeedHighGran_300frames_1920x1080.yuv,7.07E+01,9.83E+00
Tree3MedWindSpeedLowGran_300frames_1920x1080.yuv,6.27E+01,2.89E+01
Tree3MedWindSpeedMedGran_300frames_1920x1080.yuv,5.54E+01,1.48E+01
WaterFallHighSpeedHighDensity_300frames_1920x1080.yuv,1.10E+01,1.45E+01
WaterFallHighSpeedLowDensity_300frames_1920x1080.yuv,1.17E+01,1.50E+01
WaterFallHighSpeedMedDensity_300frames_1920x1080.yuv,1.26E+01,1.50E+01
WaterFallLowSpeedHighDensity_300frames_1920x1080.yuv,6.01E+00,6.62E+00
WaterFallLowSpeedLowDensity_300frames_1920x1080.yuv,6.53E+00,7.58E+00
WaterFallLowSpeedMedDensity_300frames_1920x1080.yuv,6.54E+00,7.21E+00
WaterFallMedSpeedHighDensity_300frames_1920x1080.yuv,7.05E+00,8.86E+00
WaterFallMedSpeedLowDensity_300frames_1920x1080.yuv,7.78E+00,9.29E+00
WaterFallMedSpeedMedDensity_300frames_1920x1080.yuv,7.40E+00,9.07E+00
wipe_3840x2160_5994_10bit_420_1747-1877.yuv,4.08E+01,7.74E+00
wipe_3840x2160_5994_10bit_420_2530-2660.yuv,9.36E+00,2.17E+00
wipe_3840x2160_5994_10bit_420_3857-3987.yuv,1.85E+01,4.94E+00
wipe_3840x2160_5994_10bit_420_4653-4783.yuv,1.17E+01,1.96E+00
wipe_3840x2160_5994_10bit_420_6309-6439.yuv,1.22E+01,2.89E+00
wipe_3840x2160_5994_10bit_420_7250-7380.yuv,2.56E+01,1.30E+01
wipe_3840x2160_5994_10bit_420_8750-8880.yuv,3.47E+01,1.14E+01
wipe_3840x2160_5994_10bit_420_881-1011.yuv,4.78E+01,1.41E+01
WITCHER3_0.yuv,7.44E+01,1.30E+01
WITCHER3_1.yuv,7.55E+01,1.49E+01
WITCHER3_10.yuv,4.66E+01,2.08E+01
WITCHER3_11.yuv,3.38E+01,1.98E+01
WITCHER3_2.yuv,5.95E+01,1.55E+01
WITCHER3_3.yuv,6.10E+01,1.47E+01
WITCHER3_4.yuv,6.25E+01,1.55E+01
WITCHER3_5.yuv,5.80E+01,1.52E+01
WITCHER3_6.yuv,5.56E+01,1.76E+01
WITCHER3_7.yuv,5.51E+01,1.60E+01
WITCHER3_8.yuv,3.70E+01,1.34E+01
WITCHER3_9.yuv,4.20E+01,2.37E+01
